[2026-09-14 10:35:58] production.ERROR: Target class [files] does not exist. {"exception":"[object] (Illuminate\\Contracts\\Container\\BindingResolutionException(code: 0): Target class [files] does not exist. at D:/PROJECT WORK/WonNyaciRun/vendor/laravel/framework/src/Illuminate/Container/Container.php:1124)
[stacktrace]
#0 D:/PROJECT WORK/WonNyaciRun/vendor/laravel/framework/src/Illuminate/Container/Container.php(933): Illuminate/Container/Container->build('files')
#1 D:/PROJECT WORK/WonNyaciRun/vendor/laravel/framework/src/Illuminate/Foundation/Application.php(1078): Illuminate/Container/Container->resolve('files', Array, true)
#2 D:/PROJECT WORK/WonNyaciRun/vendor/laravel/framework/src/Illuminate/Container/Container.php(864): Illuminate/Foundation/Application->resolve('files', Array)
#3 D:/PROJECT WORK/WonNyaciRun/vendor/laravel/framework/src/Illuminate/Foundation/Application.php(1058): Illuminate/Container/Container->make('files', Array)
#4 D:/PROJECT WORK/WonNyaciRun/vendor/laravel/framework/src/Illuminate/Container/Container.php(1805): Illuminate/Foundation/Application->make('files')
#5 D:/PROJECT WORK/WonNyaciRun/vendor/laravel/framework/src/Illuminate/Foundation/Application.php(1358): Illuminate/Container/Container->offsetGet('files')
#6 D:/PROJECT WORK/WonNyaciRun/vendor/laravel/framework/src/Illuminate/Foundation/Support/Providers/EventServiceProvider.php(107): Illuminate/Foundation/Application->eventsAreCached()
#7 D:/PROJECT WORK/WonNyaciRun/vendor/laravel/framework/src/Illuminate/Foundation/Support/Providers/EventServiceProvider.php(58): Illuminate/Foundation/Support/Providers/EventServiceProvider->getEvents()
#8 D:/PROJECT WORK/WonNyaciRun/vendor/laravel/framework/src/Illuminate/Container/BoundMethod.php(36): Illuminate/Foundation/Support/Providers/EventServiceProvider->Illuminate/Foundation/Support/Providers/{closure}()
#9 D:/PROJECT WORK/WonNyaciRun/vendor/laravel/framework/src/Illuminate/Container/Util.php(43): Illuminate/Container/BoundMethod::Illuminate/Container/{closure}()
#10 D:/PROJECT WORK/WonNyaciRun/vendor/laravel/framework/src/Illuminate/Container/BoundMethod.php(84): Illuminate/Container/Util::unwrapIfClosure(Object(Closure))
#11 D:/PROJECT WORK/WonNyaciRun/vendor/laravel/framework/src/Illuminate/Container/BoundMethod.php(35): Illuminate/Container/BoundMethod::callBoundMethod(Object(Illuminate/Foundation/Application), Object(Closure), Object(Closure))
#12 D:/PROJECT WORK/WonNyaciRun/vendor/laravel/framework/src/Illuminate/Container/Container.php(799): Illuminate/Container/BoundMethod::call(Object(Illuminate/Foundation/Application), Object(Closure), Array, NULL)
#13 D:/PROJECT WORK/WonNyaciRun/vendor/laravel/framework/src/Illuminate/Support/ServiceProvider.php(134): Illuminate/Container/Container->call(Object(Closure))
#14 D:/PROJECT WORK/WonNyaciRun/vendor/laravel/framework/src/Illuminate/Foundation/Application.php(1148): Illuminate/Support/ServiceProvider->callBootingCallbacks()
#15 D:/PROJECT WORK/WonNyaciRun/vendor/laravel/framework/src/Illuminate/Foundation/Application.php(1132): Illuminate/Foundation/Application->bootProvider(Object(Illuminate/Foundation/Support/Providers/EventServiceProvider))
#16 [internal function]: Illuminate/Foundation/Application->Illuminate/Foundation/{closure}(Object(Illuminate/Foundation/Support/Providers/EventServiceProvider), 'Illuminate//Foun...')
#17 D:/PROJECT WORK/WonNyaciRun/vendor/laravel/framework/src/Illuminate/Foundation/Application.php(1131): array_walk(Array, Object(Closure))
#18 D:/PROJECT WORK/WonNyaciRun/vendor/laravel/framework/src/Illuminate/Foundation/Bootstrap/BootProviders.php(17): Illuminate/Foundation/Application->boot()
#19 D:/PROJECT WORK/WonNyaciRun/vendor/laravel/framework/src/Illuminate/Foundation/Application.php(342): Illuminate/Foundation/Bootstrap/BootProviders->bootstrap(Object(Illuminate/Foundation/Application))
#20 D:/PROJECT WORK/WonNyaciRun/vendor/laravel/framework/src/Illuminate/Foundation/Console/Kernel.php(494): Illuminate/Foundation/Application->bootstrapWith(Array)
#21 D:/PROJECT WORK/WonNyaciRun/vendor/laravel/framework/src/Illuminate/Foundation/Console/Kernel.php(196): Illuminate/Foundation/Console/Kernel->bootstrap()
#22 D:/PROJECT WORK/WonNyaciRun/vendor/laravel/framework/src/Illuminate/Foundation/Application.php(1235): Illuminate/Foundation/Console/Kernel->handle(Object(Symfony/Component/Console/Input/ArgvInput), Object(Symfony/Component/Console/Output/ConsoleOutput))
#23 D:/PROJECT WORK/WonNyaciRun/artisan(7): Illuminate/Foundation/Application->handleCommand(Object(Symfony/Component/Console/Input/ArgvInput))
#24 {main}

[previous exception] [object] (ReflectionException(code: -1): Class \"files\" does not exist at D:/PROJECT WORK/WonNyaciRun/vendor/laravel/framework/src/Illuminate/Container/Container.php:1122)
[stacktrace]
#0 D:/PROJECT WORK/WonNyaciRun/vendor/laravel/framework/src/Illuminate/Container/Container.php(1122): ReflectionClass->__construct('files')
#1 D:/PROJECT WORK/WonNyaciRun/vendor/laravel/framework/src/Illuminate/Container/Container.php(933): Illuminate/Container/Container->build('files')
#2 D:/PROJECT WORK/WonNyaciRun/vendor/laravel/framework/src/Illuminate/Foundation/Application.php(1078): Illuminate/Container/Container->resolve('files', Array, true)
#3 D:/PROJECT WORK/WonNyaciRun/vendor/laravel/framework/src/Illuminate/Container/Container.php(864): Illuminate/Foundation/Application->resolve('files', Array)
#4 D:/PROJECT WORK/WonNyaciRun/vendor/laravel/framework/src/Illuminate/Foundation/Application.php(1058): Illuminate/Container/Container->make('files', Array)
#5 D:/PROJECT WORK/WonNyaciRun/vendor/laravel/framework/src/Illuminate/Container/Container.php(1805): Illuminate/Foundation/Application->make('files')
#6 D:/PROJECT WORK/WonNyaciRun/vendor/laravel/framework/src/Illuminate/Foundation/Application.php(1358): Illuminate/Container/Container->offsetGet('files')
#7 D:/PROJECT WORK/WonNyaciRun/vendor/laravel/framework/src/Illuminate/Foundation/Support/Providers/EventServiceProvider.php(107): Illuminate/Foundation/Application->eventsAreCached()
#8 D:/PROJECT WORK/WonNyaciRun/vendor/laravel/framework/src/Illuminate/Foundation/Support/Providers/EventServiceProvider.php(58): Illuminate/Foundation/Support/Providers/EventServiceProvider->getEvents()
#9 D:/PROJECT WORK/WonNyaciRun/vendor/laravel/framework/src/Illuminate/Container/BoundMethod.php(36): Illuminate/Foundation/Support/Providers/EventServiceProvider->Illuminate/Foundation/Support/Providers/{closure}()
#10 D:/PROJECT WORK/WonNyaciRun/vendor/laravel/framework/src/Illuminate/Container/Util.php(43): Illuminate/Container/BoundMethod::Illuminate/Container/{closure}()
#11 D:/PROJECT WORK/WonNyaciRun/vendor/laravel/framework/src/Illuminate/Container/BoundMethod.php(84): Illuminate/Container/Util::unwrapIfClosure(Object(Closure))
#12 D:/PROJECT WORK/WonNyaciRun/vendor/laravel/framework/src/Illuminate/Container/BoundMethod.php(35): Illuminate/Container/BoundMethod::callBoundMethod(Object(Illuminate/Foundation/Application), Object(Closure), Object(Closure))
#13 D:/PROJECT WORK/WonNyaciRun/vendor/laravel/framework/src/Illuminate/Container/Container.php(799): Illuminate/Container/BoundMethod::call(Object(Illuminate/Foundation/Application), Object(Closure), Array, NULL)
#14 D:/PROJECT WORK/WonNyaciRun/vendor/laravel/framework/src/Illuminate/Support/ServiceProvider.php(134): Illuminate/Container/Container->call(Object(Closure))
#15 D:/PROJECT WORK/WonNyaciRun/vendor/laravel/framework/src/Illuminate/Foundation/Application.php(1148): Illuminate/Support/ServiceProvider->callBootingCallbacks()
#16 D:/PROJECT WORK/WonNyaciRun/vendor/laravel/framework/src/Illuminate/Foundation/Application.php(1132): Illuminate/Foundation/Application->bootProvider(Object(Illuminate/Foundation/Support/Providers/EventServiceProvider))
#17 [internal function]: Illuminate/Foundation/Application->Illuminate/Foundation/{closure}(Object(Illuminate/Foundation/Support/Providers/EventServiceProvider), 'Illuminate//Foun...')
#18 D:/PROJECT WORK/WonNyaciRun/vendor/laravel/framework/src/Illuminate/Foundation/Application.php(1131): array_walk(Array, Object(Closure))
#19 D:/PROJECT WORK/WonNyaciRun/vendor/laravel/framework/src/Illuminate/Foundation/Bootstrap/BootProviders.php(17): Illuminate/Foundation/Application->boot()
#20 D:/PROJECT WORK/WonNyaciRun/vendor/laravel/framework/src/Illuminate/Foundation/Application.php(342): Illuminate/Foundation/Bootstrap/BootProviders->bootstrap(Object(Illuminate/Foundation/Application))
#21 D:/PROJECT WORK/WonNyaciRun/vendor/laravel/framework/src/Illuminate/Foundation/Console/Kernel.php(494): Illuminate/Foundation/Application->bootstrapWith(Array)
#22 D:/PROJECT WORK/WonNyaciRun/vendor/laravel/framework/src/Illuminate/Foundation/Console/Kernel.php(196): Illuminate/Foundation/Console/Kernel->bootstrap()
#23 D:/PROJECT WORK/WonNyaciRun/vendor/laravel/framework/src/Illuminate/Foundation/Application.php(1235): Illuminate/Foundation/Console/Kernel->handle(Object(Symfony/Component/Console/Input/ArgvInput), Object(Symfony/Component/Console/Output/ConsoleOutput))
#24 D:/PROJECT WORK/WonNyaciRun/artisan(7): Illuminate/Foundation/Application->handleCommand(Object(Symfony/Component/Console/Input/ArgvInput))
#25 {main}
"} 
[2026-09-14 10:36:29] local.ERROR: Target class [files] does not exist. {"exception":"[object] (Illuminate\\Contracts\\Container\\BindingResolutionException(code: 0): Target class [files] does not exist. at D:/PROJECT WORK/WonNyaciRun/vendor/laravel/framework/src/Illuminate/Container/Container.php:1124)
[stacktrace]
#0 D:/PROJECT WORK/WonNyaciRun/vendor/laravel/framework/src/Illuminate/Container/Container.php(933): Illuminate/Container/Container->build('files')
#1 D:/PROJECT WORK/WonNyaciRun/vendor/laravel/framework/src/Illuminate/Foundation/Application.php(1078): Illuminate/Container/Container->resolve('files', Array, true)
#2 D:/PROJECT WORK/WonNyaciRun/vendor/laravel/framework/src/Illuminate/Container/Container.php(864): Illuminate/Foundation/Application->resolve('files', Array)
#3 D:/PROJECT WORK/WonNyaciRun/vendor/laravel/framework/src/Illuminate/Foundation/Application.php(1058): Illuminate/Container/Container->make('files', Array)
#4 D:/PROJECT WORK/WonNyaciRun/vendor/laravel/framework/src/Illuminate/Container/Container.php(1805): Illuminate/Foundation/Application->make('files')
#5 D:/PROJECT WORK/WonNyaciRun/vendor/laravel/framework/src/Illuminate/Foundation/Application.php(1358): Illuminate/Container/Container->offsetGet('files')
#6 D:/PROJECT WORK/WonNyaciRun/vendor/laravel/framework/src/Illuminate/Foundation/Support/Providers/EventServiceProvider.php(107): Illuminate/Foundation/Application->eventsAreCached()
#7 D:/PROJECT WORK/WonNyaciRun/vendor/laravel/framework/src/Illuminate/Foundation/Support/Providers/EventServiceProvider.php(58): Illuminate/Foundation/Support/Providers/EventServiceProvider->getEvents()
#8 D:/PROJECT WORK/WonNyaciRun/vendor/laravel/framework/src/Illuminate/Container/BoundMethod.php(36): Illuminate/Foundation/Support/Providers/EventServiceProvider->Illuminate/Foundation/Support/Providers/{closure}()
#9 D:/PROJECT WORK/WonNyaciRun/vendor/laravel/framework/src/Illuminate/Container/Util.php(43): Illuminate/Container/BoundMethod::Illuminate/Container/{closure}()
#10 D:/PROJECT WORK/WonNyaciRun/vendor/laravel/framework/src/Illuminate/Container/BoundMethod.php(84): Illuminate/Container/Util::unwrapIfClosure(Object(Closure))
#11 D:/PROJECT WORK/WonNyaciRun/vendor/laravel/framework/src/Illuminate/Container/BoundMethod.php(35): Illuminate/Container/BoundMethod::callBoundMethod(Object(Illuminate/Foundation/Application), Object(Closure), Object(Closure))
#12 D:/PROJECT WORK/WonNyaciRun/vendor/laravel/framework/src/Illuminate/Container/Container.php(799): Illuminate/Container/BoundMethod::call(Object(Illuminate/Foundation/Application), Object(Closure), Array, NULL)
#13 D:/PROJECT WORK/WonNyaciRun/vendor/laravel/framework/src/Illuminate/Support/ServiceProvider.php(134): Illuminate/Container/Container->call(Object(Closure))
#14 D:/PROJECT WORK/WonNyaciRun/vendor/laravel/framework/src/Illuminate/Foundation/Application.php(1148): Illuminate/Support/ServiceProvider->callBootingCallbacks()
#15 D:/PROJECT WORK/WonNyaciRun/vendor/laravel/framework/src/Illuminate/Foundation/Application.php(1132): Illuminate/Foundation/Application->bootProvider(Object(Illuminate/Foundation/Support/Providers/EventServiceProvider))
#16 [internal function]: Illuminate/Foundation/Application->Illuminate/Foundation/{closure}(Object(Illuminate/Foundation/Support/Providers/EventServiceProvider), 'Illuminate//Foun...')
#17 D:/PROJECT WORK/WonNyaciRun/vendor/laravel/framework/src/Illuminate/Foundation/Application.php(1131): array_walk(Array, Object(Closure))
#18 D:/PROJECT WORK/WonNyaciRun/vendor/laravel/framework/src/Illuminate/Foundation/Bootstrap/BootProviders.php(17): Illuminate/Foundation/Application->boot()
#19 D:/PROJECT WORK/WonNyaciRun/vendor/laravel/framework/src/Illuminate/Foundation/Application.php(342): Illuminate/Foundation/Bootstrap/BootProviders->bootstrap(Object(Illuminate/Foundation/Application))
#20 D:/PROJECT WORK/WonNyaciRun/vendor/laravel/framework/src/Illuminate/Foundation/Console/Kernel.php(494): Illuminate/Foundation/Application->bootstrapWith(Array)
#21 D:/PROJECT WORK/WonNyaciRun/vendor/laravel/framework/src/Illuminate/Foundation/Console/Kernel.php(196): Illuminate/Foundation/Console/Kernel->bootstrap()
#22 D:/PROJECT WORK/WonNyaciRun/vendor/laravel/framework/src/Illuminate/Foundation/Application.php(1235): Illuminate/Foundation/Console/Kernel->handle(Object(Symfony/Component/Console/Input/ArgvInput), Object(Symfony/Component/Console/Output/ConsoleOutput))
#23 D:/PROJECT WORK/WonNyaciRun/artisan(7): Illuminate/Foundation/Application->handleCommand(Object(Symfony/Component/Console/Input/ArgvInput))
#24 {main}

[previous exception] [object] (ReflectionException(code: -1): Class \"files\" does not exist at D:/PROJECT WORK/WonNyaciRun/vendor/laravel/framework/src/Illuminate/Container/Container.php:1122)
[stacktrace]
#0 D:/PROJECT WORK/WonNyaciRun/vendor/laravel/framework/src/Illuminate/Container/Container.php(1122): ReflectionClass->__construct('files')
#1 D:/PROJECT WORK/WonNyaciRun/vendor/laravel/framework/src/Illuminate/Container/Container.php(933): Illuminate/Container/Container->build('files')
#2 D:/PROJECT WORK/WonNyaciRun/vendor/laravel/framework/src/Illuminate/Foundation/Application.php(1078): Illuminate/Container/Container->resolve('files', Array, true)
#3 D:/PROJECT WORK/WonNyaciRun/vendor/laravel/framework/src/Illuminate/Container/Container.php(864): Illuminate/Foundation/Application->resolve('files', Array)
#4 D:/PROJECT WORK/WonNyaciRun/vendor/laravel/framework/src/Illuminate/Foundation/Application.php(1058): Illuminate/Container/Container->make('files', Array)
#5 D:/PROJECT WORK/WonNyaciRun/vendor/laravel/framework/src/Illuminate/Container/Container.php(1805): Illuminate/Foundation/Application->make('files')
#6 D:/PROJECT WORK/WonNyaciRun/vendor/laravel/framework/src/Illuminate/Foundation/Application.php(1358): Illuminate/Container/Container->offsetGet('files')
#7 D:/PROJECT WORK/WonNyaciRun/vendor/laravel/framework/src/Illuminate/Foundation/Support/Providers/EventServiceProvider.php(107): Illuminate/Foundation/Application->eventsAreCached()
#8 D:/PROJECT WORK/WonNyaciRun/vendor/laravel/framework/src/Illuminate/Foundation/Support/Providers/EventServiceProvider.php(58): Illuminate/Foundation/Support/Providers/EventServiceProvider->getEvents()
#9 D:/PROJECT WORK/WonNyaciRun/vendor/laravel/framework/src/Illuminate/Container/BoundMethod.php(36): Illuminate/Foundation/Support/Providers/EventServiceProvider->Illuminate/Foundation/Support/Providers/{closure}()
#10 D:/PROJECT WORK/WonNyaciRun/vendor/laravel/framework/src/Illuminate/Container/Util.php(43): Illuminate/Container/BoundMethod::Illuminate/Container/{closure}()
#11 D:/PROJECT WORK/WonNyaciRun/vendor/laravel/framework/src/Illuminate/Container/BoundMethod.php(84): Illuminate/Container/Util::unwrapIfClosure(Object(Closure))
#12 D:/PROJECT WORK/WonNyaciRun/vendor/laravel/framework/src/Illuminate/Container/BoundMethod.php(35): Illuminate/Container/BoundMethod::callBoundMethod(Object(Illuminate/Foundation/Application), Object(Closure), Object(Closure))
#13 D:/PROJECT WORK/WonNyaciRun/vendor/laravel/framework/src/Illuminate/Container/Container.php(799): Illuminate/Container/BoundMethod::call(Object(Illuminate/Foundation/Application), Object(Closure), Array, NULL)
#14 D:/PROJECT WORK/WonNyaciRun/vendor/laravel/framework/src/Illuminate/Support/ServiceProvider.php(134): Illuminate/Container/Container->call(Object(Closure))
#15 D:/PROJECT WORK/WonNyaciRun/vendor/laravel/framework/src/Illuminate/Foundation/Application.php(1148): Illuminate/Support/ServiceProvider->callBootingCallbacks()
#16 D:/PROJECT WORK/WonNyaciRun/vendor/laravel/framework/src/Illuminate/Foundation/Application.php(1132): Illuminate/Foundation/Application->bootProvider(Object(Illuminate/Foundation/Support/Providers/EventServiceProvider))
#17 [internal function]: Illuminate/Foundation/Application->Illuminate/Foundation/{closure}(Object(Illuminate/Foundation/Support/Providers/EventServiceProvider), 'Illuminate//Foun...')
#18 D:/PROJECT WORK/WonNyaciRun/vendor/laravel/framework/src/Illuminate/Foundation/Application.php(1131): array_walk(Array, Object(Closure))
#19 D:/PROJECT WORK/WonNyaciRun/vendor/laravel/framework/src/Illuminate/Foundation/Bootstrap/BootProviders.php(17): Illuminate/Foundation/Application->boot()
#20 D:/PROJECT WORK/WonNyaciRun/vendor/laravel/framework/src/Illuminate/Foundation/Application.php(342): Illuminate/Foundation/Bootstrap/BootProviders->bootstrap(Object(Illuminate/Foundation/Application))
#21 D:/PROJECT WORK/WonNyaciRun/vendor/laravel/framework/src/Illuminate/Foundation/Console/Kernel.php(494): Illuminate/Foundation/Application->bootstrapWith(Array)
#22 D:/PROJECT WORK/WonNyaciRun/vendor/laravel/framework/src/Illuminate/Foundation/Console/Kernel.php(196): Illuminate/Foundation/Console/Kernel->bootstrap()
#23 D:/PROJECT WORK/WonNyaciRun/vendor/laravel/framework/src/Illuminate/Foundation/Application.php(1235): Illuminate/Foundation/Console/Kernel->handle(Object(Symfony/Component/Console/Input/ArgvInput), Object(Symfony/Component/Console/Output/ConsoleOutput))
#24 D:/PROJECT WORK/WonNyaciRun/artisan(7): Illuminate/Foundation/Application->handleCommand(Object(Symfony/Component/Console/Input/ArgvInput))
#25 {main}
"} 
[2026-09-14 10:36:30] local.ERROR: Target class [files] does not exist. {"exception":"[object] (Illuminate\\Contracts\\Container\\BindingResolutionException(code: 0): Target class [files] does not exist. at D:/PROJECT WORK/WonNyaciRun/vendor/laravel/framework/src/Illuminate/Container/Container.php:1124)
[stacktrace]
#0 D:/PROJECT WORK/WonNyaciRun/vendor/laravel/framework/src/Illuminate/Container/Container.php(933): Illuminate/Container/Container->build('files')
#1 D:/PROJECT WORK/WonNyaciRun/vendor/laravel/framework/src/Illuminate/Foundation/Application.php(1078): Illuminate/Container/Container->resolve('files', Array, true)
#2 D:/PROJECT WORK/WonNyaciRun/vendor/laravel/framework/src/Illuminate/Container/Container.php(864): Illuminate/Foundation/Application->resolve('files', Array)
#3 D:/PROJECT WORK/WonNyaciRun/vendor/laravel/framework/src/Illuminate/Foundation/Application.php(1058): Illuminate/Container/Container->make('files', Array)
#4 D:/PROJECT WORK/WonNyaciRun/vendor/laravel/framework/src/Illuminate/Container/Container.php(1805): Illuminate/Foundation/Application->make('files')
#5 D:/PROJECT WORK/WonNyaciRun/vendor/laravel/framework/src/Illuminate/Foundation/Application.php(1358): Illuminate/Container/Container->offsetGet('files')
#6 D:/PROJECT WORK/WonNyaciRun/vendor/laravel/framework/src/Illuminate/Foundation/Support/Providers/EventServiceProvider.php(107): Illuminate/Foundation/Application->eventsAreCached()
#7 D:/PROJECT WORK/WonNyaciRun/vendor/laravel/framework/src/Illuminate/Foundation/Support/Providers/EventServiceProvider.php(58): Illuminate/Foundation/Support/Providers/EventServiceProvider->getEvents()
#8 D:/PROJECT WORK/WonNyaciRun/vendor/laravel/framework/src/Illuminate/Container/BoundMethod.php(36): Illuminate/Foundation/Support/Providers/EventServiceProvider->Illuminate/Foundation/Support/Providers/{closure}()
#9 D:/PROJECT WORK/WonNyaciRun/vendor/laravel/framework/src/Illuminate/Container/Util.php(43): Illuminate/Container/BoundMethod::Illuminate/Container/{closure}()
#10 D:/PROJECT WORK/WonNyaciRun/vendor/laravel/framework/src/Illuminate/Container/BoundMethod.php(84): Illuminate/Container/Util::unwrapIfClosure(Object(Closure))
#11 D:/PROJECT WORK/WonNyaciRun/vendor/laravel/framework/src/Illuminate/Container/BoundMethod.php(35): Illuminate/Container/BoundMethod::callBoundMethod(Object(Illuminate/Foundation/Application), Object(Closure), Object(Closure))
#12 D:/PROJECT WORK/WonNyaciRun/vendor/laravel/framework/src/Illuminate/Container/Container.php(799): Illuminate/Container/BoundMethod::call(Object(Illuminate/Foundation/Application), Object(Closure), Array, NULL)
#13 D:/PROJECT WORK/WonNyaciRun/vendor/laravel/framework/src/Illuminate/Support/ServiceProvider.php(134): Illuminate/Container/Container->call(Object(Closure))
#14 D:/PROJECT WORK/WonNyaciRun/vendor/laravel/framework/src/Illuminate/Foundation/Application.php(1148): Illuminate/Support/ServiceProvider->callBootingCallbacks()
#15 D:/PROJECT WORK/WonNyaciRun/vendor/laravel/framework/src/Illuminate/Foundation/Application.php(1132): Illuminate/Foundation/Application->bootProvider(Object(Illuminate/Foundation/Support/Providers/EventServiceProvider))
#16 [internal function]: Illuminate/Foundation/Application->Illuminate/Foundation/{closure}(Object(Illuminate/Foundation/Support/Providers/EventServiceProvider), 'Illuminate//Foun...')
#17 D:/PROJECT WORK/WonNyaciRun/vendor/laravel/framework/src/Illuminate/Foundation/Application.php(1131): array_walk(Array, Object(Closure))
#18 D:/PROJECT WORK/WonNyaciRun/vendor/laravel/framework/src/Illuminate/Foundation/Bootstrap/BootProviders.php(17): Illuminate/Foundation/Application->boot()
#19 D:/PROJECT WORK/WonNyaciRun/vendor/laravel/framework/src/Illuminate/Foundation/Application.php(342): Illuminate/Foundation/Bootstrap/BootProviders->bootstrap(Object(Illuminate/Foundation/Application))
#20 D:/PROJECT WORK/WonNyaciRun/vendor/laravel/framework/src/Illuminate/Foundation/Console/Kernel.php(494): Illuminate/Foundation/Application->bootstrapWith(Array)
#21 D:/PROJECT WORK/WonNyaciRun/vendor/laravel/framework/src/Illuminate/Foundation/Console/Kernel.php(196): Illuminate/Foundation/Console/Kernel->bootstrap()
#22 D:/PROJECT WORK/WonNyaciRun/vendor/laravel/framework/src/Illuminate/Foundation/Application.php(1235): Illuminate/Foundation/Console/Kernel->handle(Object(Symfony/Component/Console/Input/ArgvInput), Object(Symfony/Component/Console/Output/ConsoleOutput))
#23 D:/PROJECT WORK/WonNyaciRun/artisan(7): Illuminate/Foundation/Application->handleCommand(Object(Symfony/Component/Console/Input/ArgvInput))
#24 {main}

[previous exception] [object] (ReflectionException(code: -1): Class \"files\" does not exist at D:/PROJECT WORK/WonNyaciRun/vendor/laravel/framework/src/Illuminate/Container/Container.php:1122)
[stacktrace]
#0 D:/PROJECT WORK/WonNyaciRun/vendor/laravel/framework/src/Illuminate/Container/Container.php(1122): ReflectionClass->__construct('files')
#1 D:/PROJECT WORK/WonNyaciRun/vendor/laravel/framework/src/Illuminate/Container/Container.php(933): Illuminate/Container/Container->build('files')
#2 D:/PROJECT WORK/WonNyaciRun/vendor/laravel/framework/src/Illuminate/Foundation/Application.php(1078): Illuminate/Container/Container->resolve('files', Array, true)
#3 D:/PROJECT WORK/WonNyaciRun/vendor/laravel/framework/src/Illuminate/Container/Container.php(864): Illuminate/Foundation/Application->resolve('files', Array)
#4 D:/PROJECT WORK/WonNyaciRun/vendor/laravel/framework/src/Illuminate/Foundation/Application.php(1058): Illuminate/Container/Container->make('files', Array)
#5 D:/PROJECT WORK/WonNyaciRun/vendor/laravel/framework/src/Illuminate/Container/Container.php(1805): Illuminate/Foundation/Application->make('files')
#6 D:/PROJECT WORK/WonNyaciRun/vendor/laravel/framework/src/Illuminate/Foundation/Application.php(1358): Illuminate/Container/Container->offsetGet('files')
#7 D:/PROJECT WORK/WonNyaciRun/vendor/laravel/framework/src/Illuminate/Foundation/Support/Providers/EventServiceProvider.php(107): Illuminate/Foundation/Application->eventsAreCached()
#8 D:/PROJECT WORK/WonNyaciRun/vendor/laravel/framework/src/Illuminate/Foundation/Support/Providers/EventServiceProvider.php(58): Illuminate/Foundation/Support/Providers/EventServiceProvider->getEvents()
#9 D:/PROJECT WORK/WonNyaciRun/vendor/laravel/framework/src/Illuminate/Container/BoundMethod.php(36): Illuminate/Foundation/Support/Providers/EventServiceProvider->Illuminate/Foundation/Support/Providers/{closure}()
#10 D:/PROJECT WORK/WonNyaciRun/vendor/laravel/framework/src/Illuminate/Container/Util.php(43): Illuminate/Container/BoundMethod::Illuminate/Container/{closure}()
#11 D:/PROJECT WORK/WonNyaciRun/vendor/laravel/framework/src/Illuminate/Container/BoundMethod.php(84): Illuminate/Container/Util::unwrapIfClosure(Object(Closure))
#12 D:/PROJECT WORK/WonNyaciRun/vendor/laravel/framework/src/Illuminate/Container/BoundMethod.php(35): Illuminate/Container/BoundMethod::callBoundMethod(Object(Illuminate/Foundation/Application), Object(Closure), Object(Closure))
#13 D:/PROJECT WORK/WonNyaciRun/vendor/laravel/framework/src/Illuminate/Container/Container.php(799): Illuminate/Container/BoundMethod::call(Object(Illuminate/Foundation/Application), Object(Closure), Array, NULL)
#14 D:/PROJECT WORK/WonNyaciRun/vendor/laravel/framework/src/Illuminate/Support/ServiceProvider.php(134): Illuminate/Container/Container->call(Object(Closure))
#15 D:/PROJECT WORK/WonNyaciRun/vendor/laravel/framework/src/Illuminate/Foundation/Application.php(1148): Illuminate/Support/ServiceProvider->callBootingCallbacks()
#16 D:/PROJECT WORK/WonNyaciRun/vendor/laravel/framework/src/Illuminate/Foundation/Application.php(1132): Illuminate/Foundation/Application->bootProvider(Object(Illuminate/Foundation/Support/Providers/EventServiceProvider))
#17 [internal function]: Illuminate/Foundation/Application->Illuminate/Foundation/{closure}(Object(Illuminate/Foundation/Support/Providers/EventServiceProvider), 'Illuminate//Foun...')
#18 D:/PROJECT WORK/WonNyaciRun/vendor/laravel/framework/src/Illuminate/Foundation/Application.php(1131): array_walk(Array, Object(Closure))
#19 D:/PROJECT WORK/WonNyaciRun/vendor/laravel/framework/src/Illuminate/Foundation/Bootstrap/BootProviders.php(17): Illuminate/Foundation/Application->boot()
#20 D:/PROJECT WORK/WonNyaciRun/vendor/laravel/framework/src/Illuminate/Foundation/Application.php(342): Illuminate/Foundation/Bootstrap/BootProviders->bootstrap(Object(Illuminate/Foundation/Application))
#21 D:/PROJECT WORK/WonNyaciRun/vendor/laravel/framework/src/Illuminate/Foundation/Console/Kernel.php(494): Illuminate/Foundation/Application->bootstrapWith(Array)
#22 D:/PROJECT WORK/WonNyaciRun/vendor/laravel/framework/src/Illuminate/Foundation/Console/Kernel.php(196): Illuminate/Foundation/Console/Kernel->bootstrap()
#23 D:/PROJECT WORK/WonNyaciRun/vendor/laravel/framework/src/Illuminate/Foundation/Application.php(1235): Illuminate/Foundation/Console/Kernel->handle(Object(Symfony/Component/Console/Input/ArgvInput), Object(Symfony/Component/Console/Output/ConsoleOutput))
#24 D:/PROJECT WORK/WonNyaciRun/artisan(7): Illuminate/Foundation/Application->handleCommand(Object(Symfony/Component/Console/Input/ArgvInput))
#25 {main}
"} 
[2026-09-14 10:36:30] local.ERROR: Target class [files] does not exist. {"exception":"[object] (Illuminate\\Contracts\\Container\\BindingResolutionException(code: 0): Target class [files] does not exist. at D:/PROJECT WORK/WonNyaciRun/vendor/laravel/framework/src/Illuminate/Container/Container.php:1124)
[stacktrace]
#0 D:/PROJECT WORK/WonNyaciRun/vendor/laravel/framework/src/Illuminate/Container/Container.php(933): Illuminate/Container/Container->build('files')
#1 D:/PROJECT WORK/WonNyaciRun/vendor/laravel/framework/src/Illuminate/Foundation/Application.php(1078): Illuminate/Container/Container->resolve('files', Array, true)
#2 D:/PROJECT WORK/WonNyaciRun/vendor/laravel/framework/src/Illuminate/Container/Container.php(864): Illuminate/Foundation/Application->resolve('files', Array)
#3 D:/PROJECT WORK/WonNyaciRun/vendor/laravel/framework/src/Illuminate/Foundation/Application.php(1058): Illuminate/Container/Container->make('files', Array)
#4 D:/PROJECT WORK/WonNyaciRun/vendor/laravel/framework/src/Illuminate/Container/Container.php(1805): Illuminate/Foundation/Application->make('files')
#5 D:/PROJECT WORK/WonNyaciRun/vendor/laravel/framework/src/Illuminate/Foundation/Application.php(1358): Illuminate/Container/Container->offsetGet('files')
#6 D:/PROJECT WORK/WonNyaciRun/vendor/laravel/framework/src/Illuminate/Foundation/Support/Providers/EventServiceProvider.php(107): Illuminate/Foundation/Application->eventsAreCached()
#7 D:/PROJECT WORK/WonNyaciRun/vendor/laravel/framework/src/Illuminate/Foundation/Support/Providers/EventServiceProvider.php(58): Illuminate/Foundation/Support/Providers/EventServiceProvider->getEvents()
#8 D:/PROJECT WORK/WonNyaciRun/vendor/laravel/framework/src/Illuminate/Container/BoundMethod.php(36): Illuminate/Foundation/Support/Providers/EventServiceProvider->Illuminate/Foundation/Support/Providers/{closure}()
#9 D:/PROJECT WORK/WonNyaciRun/vendor/laravel/framework/src/Illuminate/Container/Util.php(43): Illuminate/Container/BoundMethod::Illuminate/Container/{closure}()
#10 D:/PROJECT WORK/WonNyaciRun/vendor/laravel/framework/src/Illuminate/Container/BoundMethod.php(84): Illuminate/Container/Util::unwrapIfClosure(Object(Closure))
#11 D:/PROJECT WORK/WonNyaciRun/vendor/laravel/framework/src/Illuminate/Container/BoundMethod.php(35): Illuminate/Container/BoundMethod::callBoundMethod(Object(Illuminate/Foundation/Application), Object(Closure), Object(Closure))
#12 D:/PROJECT WORK/WonNyaciRun/vendor/laravel/framework/src/Illuminate/Container/Container.php(799): Illuminate/Container/BoundMethod::call(Object(Illuminate/Foundation/Application), Object(Closure), Array, NULL)
#13 D:/PROJECT WORK/WonNyaciRun/vendor/laravel/framework/src/Illuminate/Support/ServiceProvider.php(134): Illuminate/Container/Container->call(Object(Closure))
#14 D:/PROJECT WORK/WonNyaciRun/vendor/laravel/framework/src/Illuminate/Foundation/Application.php(1148): Illuminate/Support/ServiceProvider->callBootingCallbacks()
#15 D:/PROJECT WORK/WonNyaciRun/vendor/laravel/framework/src/Illuminate/Foundation/Application.php(1132): Illuminate/Foundation/Application->bootProvider(Object(Illuminate/Foundation/Support/Providers/EventServiceProvider))
#16 [internal function]: Illuminate/Foundation/Application->Illuminate/Foundation/{closure}(Object(Illuminate/Foundation/Support/Providers/EventServiceProvider), 'Illuminate//Foun...')
#17 D:/PROJECT WORK/WonNyaciRun/vendor/laravel/framework/src/Illuminate/Foundation/Application.php(1131): array_walk(Array, Object(Closure))
#18 D:/PROJECT WORK/WonNyaciRun/vendor/laravel/framework/src/Illuminate/Foundation/Bootstrap/BootProviders.php(17): Illuminate/Foundation/Application->boot()
#19 D:/PROJECT WORK/WonNyaciRun/vendor/laravel/framework/src/Illuminate/Foundation/Application.php(342): Illuminate/Foundation/Bootstrap/BootProviders->bootstrap(Object(Illuminate/Foundation/Application))
#20 D:/PROJECT WORK/WonNyaciRun/vendor/laravel/framework/src/Illuminate/Foundation/Console/Kernel.php(494): Illuminate/Foundation/Application->bootstrapWith(Array)
#21 D:/PROJECT WORK/WonNyaciRun/vendor/laravel/framework/src/Illuminate/Foundation/Console/Kernel.php(196): Illuminate/Foundation/Console/Kernel->bootstrap()
#22 D:/PROJECT WORK/WonNyaciRun/vendor/laravel/framework/src/Illuminate/Foundation/Application.php(1235): Illuminate/Foundation/Console/Kernel->handle(Object(Symfony/Component/Console/Input/ArgvInput), Object(Symfony/Component/Console/Output/ConsoleOutput))
#23 D:/PROJECT WORK/WonNyaciRun/artisan(7): Illuminate/Foundation/Application->handleCommand(Object(Symfony/Component/Console/Input/ArgvInput))
#24 {main}

[previous exception] [object] (ReflectionException(code: -1): Class \"files\" does not exist at D:/PROJECT WORK/WonNyaciRun/vendor/laravel/framework/src/Illuminate/Container/Container.php:1122)
[stacktrace]
#0 D:/PROJECT WORK/WonNyaciRun/vendor/laravel/framework/src/Illuminate/Container/Container.php(1122): ReflectionClass->__construct('files')
#1 D:/PROJECT WORK/WonNyaciRun/vendor/laravel/framework/src/Illuminate/Container/Container.php(933): Illuminate/Container/Container->build('files')
#2 D:/PROJECT WORK/WonNyaciRun/vendor/laravel/framework/src/Illuminate/Foundation/Application.php(1078): Illuminate/Container/Container->resolve('files', Array, true)
#3 D:/PROJECT WORK/WonNyaciRun/vendor/laravel/framework/src/Illuminate/Container/Container.php(864): Illuminate/Foundation/Application->resolve('files', Array)
#4 D:/PROJECT WORK/WonNyaciRun/vendor/laravel/framework/src/Illuminate/Foundation/Application.php(1058): Illuminate/Container/Container->make('files', Array)
#5 D:/PROJECT WORK/WonNyaciRun/vendor/laravel/framework/src/Illuminate/Container/Container.php(1805): Illuminate/Foundation/Application->make('files')
#6 D:/PROJECT WORK/WonNyaciRun/vendor/laravel/framework/src/Illuminate/Foundation/Application.php(1358): Illuminate/Container/Container->offsetGet('files')
#7 D:/PROJECT WORK/WonNyaciRun/vendor/laravel/framework/src/Illuminate/Foundation/Support/Providers/EventServiceProvider.php(107): Illuminate/Foundation/Application->eventsAreCached()
#8 D:/PROJECT WORK/WonNyaciRun/vendor/laravel/framework/src/Illuminate/Foundation/Support/Providers/EventServiceProvider.php(58): Illuminate/Foundation/Support/Providers/EventServiceProvider->getEvents()
#9 D:/PROJECT WORK/WonNyaciRun/vendor/laravel/framework/src/Illuminate/Container/BoundMethod.php(36): Illuminate/Foundation/Support/Providers/EventServiceProvider->Illuminate/Foundation/Support/Providers/{closure}()
#10 D:/PROJECT WORK/WonNyaciRun/vendor/laravel/framework/src/Illuminate/Container/Util.php(43): Illuminate/Container/BoundMethod::Illuminate/Container/{closure}()
#11 D:/PROJECT WORK/WonNyaciRun/vendor/laravel/framework/src/Illuminate/Container/BoundMethod.php(84): Illuminate/Container/Util::unwrapIfClosure(Object(Closure))
#12 D:/PROJECT WORK/WonNyaciRun/vendor/laravel/framework/src/Illuminate/Container/BoundMethod.php(35): Illuminate/Container/BoundMethod::callBoundMethod(Object(Illuminate/Foundation/Application), Object(Closure), Object(Closure))
#13 D:/PROJECT WORK/WonNyaciRun/vendor/laravel/framework/src/Illuminate/Container/Container.php(799): Illuminate/Container/BoundMethod::call(Object(Illuminate/Foundation/Application), Object(Closure), Array, NULL)
#14 D:/PROJECT WORK/WonNyaciRun/vendor/laravel/framework/src/Illuminate/Support/ServiceProvider.php(134): Illuminate/Container/Container->call(Object(Closure))
#15 D:/PROJECT WORK/WonNyaciRun/vendor/laravel/framework/src/Illuminate/Foundation/Application.php(1148): Illuminate/Support/ServiceProvider->callBootingCallbacks()
#16 D:/PROJECT WORK/WonNyaciRun/vendor/laravel/framework/src/Illuminate/Foundation/Application.php(1132): Illuminate/Foundation/Application->bootProvider(Object(Illuminate/Foundation/Support/Providers/EventServiceProvider))
#17 [internal function]: Illuminate/Foundation/Application->Illuminate/Foundation/{closure}(Object(Illuminate/Foundation/Support/Providers/EventServiceProvider), 'Illuminate//Foun...')
#18 D:/PROJECT WORK/WonNyaciRun/vendor/laravel/framework/src/Illuminate/Foundation/Application.php(1131): array_walk(Array, Object(Closure))
#19 D:/PROJECT WORK/WonNyaciRun/vendor/laravel/framework/src/Illuminate/Foundation/Bootstrap/BootProviders.php(17): Illuminate/Foundation/Application->boot()
#20 D:/PROJECT WORK/WonNyaciRun/vendor/laravel/framework/src/Illuminate/Foundation/Application.php(342): Illuminate/Foundation/Bootstrap/BootProviders->bootstrap(Object(Illuminate/Foundation/Application))
#21 D:/PROJECT WORK/WonNyaciRun/vendor/laravel/framework/src/Illuminate/Foundation/Console/Kernel.php(494): Illuminate/Foundation/Application->bootstrapWith(Array)
#22 D:/PROJECT WORK/WonNyaciRun/vendor/laravel/framework/src/Illuminate/Foundation/Console/Kernel.php(196): Illuminate/Foundation/Console/Kernel->bootstrap()
#23 D:/PROJECT WORK/WonNyaciRun/vendor/laravel/framework/src/Illuminate/Foundation/Application.php(1235): Illuminate/Foundation/Console/Kernel->handle(Object(Symfony/Component/Console/Input/ArgvInput), Object(Symfony/Component/Console/Output/ConsoleOutput))
#24 D:/PROJECT WORK/WonNyaciRun/artisan(7): Illuminate/Foundation/Application->handleCommand(Object(Symfony/Component/Console/Input/ArgvInput))
#25 {main}
"} 
[2026-09-14 10:39:13] local.ERROR: Target class [files] does not exist. {"exception":"[object] (Illuminate\\Contracts\\Container\\BindingResolutionException(code: 0): Target class [files] does not exist. at D:/PROJECT WORK/WonNyaciRun/vendor/laravel/framework/src/Illuminate/Container/Container.php:1124)
[stacktrace]
#0 D:/PROJECT WORK/WonNyaciRun/vendor/laravel/framework/src/Illuminate/Container/Container.php(933): Illuminate/Container/Container->build('files')
#1 D:/PROJECT WORK/WonNyaciRun/vendor/laravel/framework/src/Illuminate/Foundation/Application.php(1078): Illuminate/Container/Container->resolve('files', Array, true)
#2 D:/PROJECT WORK/WonNyaciRun/vendor/laravel/framework/src/Illuminate/Container/Container.php(864): Illuminate/Foundation/Application->resolve('files', Array)
#3 D:/PROJECT WORK/WonNyaciRun/vendor/laravel/framework/src/Illuminate/Foundation/Application.php(1058): Illuminate/Container/Container->make('files', Array)
#4 D:/PROJECT WORK/WonNyaciRun/vendor/laravel/framework/src/Illuminate/Container/Container.php(1805): Illuminate/Foundation/Application->make('files')
#5 D:/PROJECT WORK/WonNyaciRun/vendor/laravel/framework/src/Illuminate/Foundation/Application.php(1358): Illuminate/Container/Container->offsetGet('files')
#6 D:/PROJECT WORK/WonNyaciRun/vendor/laravel/framework/src/Illuminate/Foundation/Support/Providers/EventServiceProvider.php(107): Illuminate/Foundation/Application->eventsAreCached()
#7 D:/PROJECT WORK/WonNyaciRun/vendor/laravel/framework/src/Illuminate/Foundation/Support/Providers/EventServiceProvider.php(58): Illuminate/Foundation/Support/Providers/EventServiceProvider->getEvents()
#8 D:/PROJECT WORK/WonNyaciRun/vendor/laravel/framework/src/Illuminate/Container/BoundMethod.php(36): Illuminate/Foundation/Support/Providers/EventServiceProvider->Illuminate/Foundation/Support/Providers/{closure}()
#9 D:/PROJECT WORK/WonNyaciRun/vendor/laravel/framework/src/Illuminate/Container/Util.php(43): Illuminate/Container/BoundMethod::Illuminate/Container/{closure}()
#10 D:/PROJECT WORK/WonNyaciRun/vendor/laravel/framework/src/Illuminate/Container/BoundMethod.php(84): Illuminate/Container/Util::unwrapIfClosure(Object(Closure))
#11 D:/PROJECT WORK/WonNyaciRun/vendor/laravel/framework/src/Illuminate/Container/BoundMethod.php(35): Illuminate/Container/BoundMethod::callBoundMethod(Object(Illuminate/Foundation/Application), Object(Closure), Object(Closure))
#12 D:/PROJECT WORK/WonNyaciRun/vendor/laravel/framework/src/Illuminate/Container/Container.php(799): Illuminate/Container/BoundMethod::call(Object(Illuminate/Foundation/Application), Object(Closure), Array, NULL)
#13 D:/PROJECT WORK/WonNyaciRun/vendor/laravel/framework/src/Illuminate/Support/ServiceProvider.php(134): Illuminate/Container/Container->call(Object(Closure))
#14 D:/PROJECT WORK/WonNyaciRun/vendor/laravel/framework/src/Illuminate/Foundation/Application.php(1148): Illuminate/Support/ServiceProvider->callBootingCallbacks()
#15 D:/PROJECT WORK/WonNyaciRun/vendor/laravel/framework/src/Illuminate/Foundation/Application.php(1132): Illuminate/Foundation/Application->bootProvider(Object(Illuminate/Foundation/Support/Providers/EventServiceProvider))
#16 [internal function]: Illuminate/Foundation/Application->Illuminate/Foundation/{closure}(Object(Illuminate/Foundation/Support/Providers/EventServiceProvider), 'Illuminate//Foun...')
#17 D:/PROJECT WORK/WonNyaciRun/vendor/laravel/framework/src/Illuminate/Foundation/Application.php(1131): array_walk(Array, Object(Closure))
#18 D:/PROJECT WORK/WonNyaciRun/vendor/laravel/framework/src/Illuminate/Foundation/Bootstrap/BootProviders.php(17): Illuminate/Foundation/Application->boot()
#19 D:/PROJECT WORK/WonNyaciRun/vendor/laravel/framework/src/Illuminate/Foundation/Application.php(342): Illuminate/Foundation/Bootstrap/BootProviders->bootstrap(Object(Illuminate/Foundation/Application))
#20 D:/PROJECT WORK/WonNyaciRun/vendor/laravel/framework/src/Illuminate/Foundation/Console/Kernel.php(494): Illuminate/Foundation/Application->bootstrapWith(Array)
#21 D:/PROJECT WORK/WonNyaciRun/vendor/laravel/framework/src/Illuminate/Foundation/Console/Kernel.php(196): Illuminate/Foundation/Console/Kernel->bootstrap()
#22 D:/PROJECT WORK/WonNyaciRun/vendor/laravel/framework/src/Illuminate/Foundation/Application.php(1235): Illuminate/Foundation/Console/Kernel->handle(Object(Symfony/Component/Console/Input/ArgvInput), Object(Symfony/Component/Console/Output/ConsoleOutput))
#23 D:/PROJECT WORK/WonNyaciRun/artisan(7): Illuminate/Foundation/Application->handleCommand(Object(Symfony/Component/Console/Input/ArgvInput))
#24 {main}

[previous exception] [object] (ReflectionException(code: -1): Class \"files\" does not exist at D:/PROJECT WORK/WonNyaciRun/vendor/laravel/framework/src/Illuminate/Container/Container.php:1122)
[stacktrace]
#0 D:/PROJECT WORK/WonNyaciRun/vendor/laravel/framework/src/Illuminate/Container/Container.php(1122): ReflectionClass->__construct('files')
#1 D:/PROJECT WORK/WonNyaciRun/vendor/laravel/framework/src/Illuminate/Container/Container.php(933): Illuminate/Container/Container->build('files')
#2 D:/PROJECT WORK/WonNyaciRun/vendor/laravel/framework/src/Illuminate/Foundation/Application.php(1078): Illuminate/Container/Container->resolve('files', Array, true)
#3 D:/PROJECT WORK/WonNyaciRun/vendor/laravel/framework/src/Illuminate/Container/Container.php(864): Illuminate/Foundation/Application->resolve('files', Array)
#4 D:/PROJECT WORK/WonNyaciRun/vendor/laravel/framework/src/Illuminate/Foundation/Application.php(1058): Illuminate/Container/Container->make('files', Array)
#5 D:/PROJECT WORK/WonNyaciRun/vendor/laravel/framework/src/Illuminate/Container/Container.php(1805): Illuminate/Foundation/Application->make('files')
#6 D:/PROJECT WORK/WonNyaciRun/vendor/laravel/framework/src/Illuminate/Foundation/Application.php(1358): Illuminate/Container/Container->offsetGet('files')
#7 D:/PROJECT WORK/WonNyaciRun/vendor/laravel/framework/src/Illuminate/Foundation/Support/Providers/EventServiceProvider.php(107): Illuminate/Foundation/Application->eventsAreCached()
#8 D:/PROJECT WORK/WonNyaciRun/vendor/laravel/framework/src/Illuminate/Foundation/Support/Providers/EventServiceProvider.php(58): Illuminate/Foundation/Support/Providers/EventServiceProvider->getEvents()
#9 D:/PROJECT WORK/WonNyaciRun/vendor/laravel/framework/src/Illuminate/Container/BoundMethod.php(36): Illuminate/Foundation/Support/Providers/EventServiceProvider->Illuminate/Foundation/Support/Providers/{closure}()
#10 D:/PROJECT WORK/WonNyaciRun/vendor/laravel/framework/src/Illuminate/Container/Util.php(43): Illuminate/Container/BoundMethod::Illuminate/Container/{closure}()
#11 D:/PROJECT WORK/WonNyaciRun/vendor/laravel/framework/src/Illuminate/Container/BoundMethod.php(84): Illuminate/Container/Util::unwrapIfClosure(Object(Closure))
#12 D:/PROJECT WORK/WonNyaciRun/vendor/laravel/framework/src/Illuminate/Container/BoundMethod.php(35): Illuminate/Container/BoundMethod::callBoundMethod(Object(Illuminate/Foundation/Application), Object(Closure), Object(Closure))
#13 D:/PROJECT WORK/WonNyaciRun/vendor/laravel/framework/src/Illuminate/Container/Container.php(799): Illuminate/Container/BoundMethod::call(Object(Illuminate/Foundation/Application), Object(Closure), Array, NULL)
#14 D:/PROJECT WORK/WonNyaciRun/vendor/laravel/framework/src/Illuminate/Support/ServiceProvider.php(134): Illuminate/Container/Container->call(Object(Closure))
#15 D:/PROJECT WORK/WonNyaciRun/vendor/laravel/framework/src/Illuminate/Foundation/Application.php(1148): Illuminate/Support/ServiceProvider->callBootingCallbacks()
#16 D:/PROJECT WORK/WonNyaciRun/vendor/laravel/framework/src/Illuminate/Foundation/Application.php(1132): Illuminate/Foundation/Application->bootProvider(Object(Illuminate/Foundation/Support/Providers/EventServiceProvider))
#17 [internal function]: Illuminate/Foundation/Application->Illuminate/Foundation/{closure}(Object(Illuminate/Foundation/Support/Providers/EventServiceProvider), 'Illuminate//Foun...')
#18 D:/PROJECT WORK/WonNyaciRun/vendor/laravel/framework/src/Illuminate/Foundation/Application.php(1131): array_walk(Array, Object(Closure))
#19 D:/PROJECT WORK/WonNyaciRun/vendor/laravel/framework/src/Illuminate/Foundation/Bootstrap/BootProviders.php(17): Illuminate/Foundation/Application->boot()
#20 D:/PROJECT WORK/WonNyaciRun/vendor/laravel/framework/src/Illuminate/Foundation/Application.php(342): Illuminate/Foundation/Bootstrap/BootProviders->bootstrap(Object(Illuminate/Foundation/Application))
#21 D:/PROJECT WORK/WonNyaciRun/vendor/laravel/framework/src/Illuminate/Foundation/Console/Kernel.php(494): Illuminate/Foundation/Application->bootstrapWith(Array)
#22 D:/PROJECT WORK/WonNyaciRun/vendor/laravel/framework/src/Illuminate/Foundation/Console/Kernel.php(196): Illuminate/Foundation/Console/Kernel->bootstrap()
#23 D:/PROJECT WORK/WonNyaciRun/vendor/laravel/framework/src/Illuminate/Foundation/Application.php(1235): Illuminate/Foundation/Console/Kernel->handle(Object(Symfony/Component/Console/Input/ArgvInput), Object(Symfony/Component/Console/Output/ConsoleOutput))
#24 D:/PROJECT WORK/WonNyaciRun/artisan(7): Illuminate/Foundation/Application->handleCommand(Object(Symfony/Component/Console/Input/ArgvInput))
#25 {main}
"} 
[2026-09-14 10:39:13] local.ERROR: Target class [files] does not exist. {"exception":"[object] (Illuminate\\Contracts\\Container\\BindingResolutionException(code: 0): Target class [files] does not exist. at D:/PROJECT WORK/WonNyaciRun/vendor/laravel/framework/src/Illuminate/Container/Container.php:1124)
[stacktrace]
#0 D:/PROJECT WORK/WonNyaciRun/vendor/laravel/framework/src/Illuminate/Container/Container.php(933): Illuminate/Container/Container->build('files')
#1 D:/PROJECT WORK/WonNyaciRun/vendor/laravel/framework/src/Illuminate/Foundation/Application.php(1078): Illuminate/Container/Container->resolve('files', Array, true)
#2 D:/PROJECT WORK/WonNyaciRun/vendor/laravel/framework/src/Illuminate/Container/Container.php(864): Illuminate/Foundation/Application->resolve('files', Array)
#3 D:/PROJECT WORK/WonNyaciRun/vendor/laravel/framework/src/Illuminate/Foundation/Application.php(1058): Illuminate/Container/Container->make('files', Array)
#4 D:/PROJECT WORK/WonNyaciRun/vendor/laravel/framework/src/Illuminate/Container/Container.php(1805): Illuminate/Foundation/Application->make('files')
#5 D:/PROJECT WORK/WonNyaciRun/vendor/laravel/framework/src/Illuminate/Foundation/Application.php(1358): Illuminate/Container/Container->offsetGet('files')
#6 D:/PROJECT WORK/WonNyaciRun/vendor/laravel/framework/src/Illuminate/Foundation/Support/Providers/EventServiceProvider.php(107): Illuminate/Foundation/Application->eventsAreCached()
#7 D:/PROJECT WORK/WonNyaciRun/vendor/laravel/framework/src/Illuminate/Foundation/Support/Providers/EventServiceProvider.php(58): Illuminate/Foundation/Support/Providers/EventServiceProvider->getEvents()
#8 D:/PROJECT WORK/WonNyaciRun/vendor/laravel/framework/src/Illuminate/Container/BoundMethod.php(36): Illuminate/Foundation/Support/Providers/EventServiceProvider->Illuminate/Foundation/Support/Providers/{closure}()
#9 D:/PROJECT WORK/WonNyaciRun/vendor/laravel/framework/src/Illuminate/Container/Util.php(43): Illuminate/Container/BoundMethod::Illuminate/Container/{closure}()
#10 D:/PROJECT WORK/WonNyaciRun/vendor/laravel/framework/src/Illuminate/Container/BoundMethod.php(84): Illuminate/Container/Util::unwrapIfClosure(Object(Closure))
#11 D:/PROJECT WORK/WonNyaciRun/vendor/laravel/framework/src/Illuminate/Container/BoundMethod.php(35): Illuminate/Container/BoundMethod::callBoundMethod(Object(Illuminate/Foundation/Application), Object(Closure), Object(Closure))
#12 D:/PROJECT WORK/WonNyaciRun/vendor/laravel/framework/src/Illuminate/Container/Container.php(799): Illuminate/Container/BoundMethod::call(Object(Illuminate/Foundation/Application), Object(Closure), Array, NULL)
#13 D:/PROJECT WORK/WonNyaciRun/vendor/laravel/framework/src/Illuminate/Support/ServiceProvider.php(134): Illuminate/Container/Container->call(Object(Closure))
#14 D:/PROJECT WORK/WonNyaciRun/vendor/laravel/framework/src/Illuminate/Foundation/Application.php(1148): Illuminate/Support/ServiceProvider->callBootingCallbacks()
#15 D:/PROJECT WORK/WonNyaciRun/vendor/laravel/framework/src/Illuminate/Foundation/Application.php(1132): Illuminate/Foundation/Application->bootProvider(Object(Illuminate/Foundation/Support/Providers/EventServiceProvider))
#16 [internal function]: Illuminate/Foundation/Application->Illuminate/Foundation/{closure}(Object(Illuminate/Foundation/Support/Providers/EventServiceProvider), 'Illuminate//Foun...')
#17 D:/PROJECT WORK/WonNyaciRun/vendor/laravel/framework/src/Illuminate/Foundation/Application.php(1131): array_walk(Array, Object(Closure))
#18 D:/PROJECT WORK/WonNyaciRun/vendor/laravel/framework/src/Illuminate/Foundation/Bootstrap/BootProviders.php(17): Illuminate/Foundation/Application->boot()
#19 D:/PROJECT WORK/WonNyaciRun/vendor/laravel/framework/src/Illuminate/Foundation/Application.php(342): Illuminate/Foundation/Bootstrap/BootProviders->bootstrap(Object(Illuminate/Foundation/Application))
#20 D:/PROJECT WORK/WonNyaciRun/vendor/laravel/framework/src/Illuminate/Foundation/Console/Kernel.php(494): Illuminate/Foundation/Application->bootstrapWith(Array)
#21 D:/PROJECT WORK/WonNyaciRun/vendor/laravel/framework/src/Illuminate/Foundation/Console/Kernel.php(196): Illuminate/Foundation/Console/Kernel->bootstrap()
#22 D:/PROJECT WORK/WonNyaciRun/vendor/laravel/framework/src/Illuminate/Foundation/Application.php(1235): Illuminate/Foundation/Console/Kernel->handle(Object(Symfony/Component/Console/Input/ArgvInput), Object(Symfony/Component/Console/Output/ConsoleOutput))
#23 D:/PROJECT WORK/WonNyaciRun/artisan(7): Illuminate/Foundation/Application->handleCommand(Object(Symfony/Component/Console/Input/ArgvInput))
#24 {main}

[previous exception] [object] (ReflectionException(code: -1): Class \"files\" does not exist at D:/PROJECT WORK/WonNyaciRun/vendor/laravel/framework/src/Illuminate/Container/Container.php:1122)
[stacktrace]
#0 D:/PROJECT WORK/WonNyaciRun/vendor/laravel/framework/src/Illuminate/Container/Container.php(1122): ReflectionClass->__construct('files')
#1 D:/PROJECT WORK/WonNyaciRun/vendor/laravel/framework/src/Illuminate/Container/Container.php(933): Illuminate/Container/Container->build('files')
#2 D:/PROJECT WORK/WonNyaciRun/vendor/laravel/framework/src/Illuminate/Foundation/Application.php(1078): Illuminate/Container/Container->resolve('files', Array, true)
#3 D:/PROJECT WORK/WonNyaciRun/vendor/laravel/framework/src/Illuminate/Container/Container.php(864): Illuminate/Foundation/Application->resolve('files', Array)
#4 D:/PROJECT WORK/WonNyaciRun/vendor/laravel/framework/src/Illuminate/Foundation/Application.php(1058): Illuminate/Container/Container->make('files', Array)
#5 D:/PROJECT WORK/WonNyaciRun/vendor/laravel/framework/src/Illuminate/Container/Container.php(1805): Illuminate/Foundation/Application->make('files')
#6 D:/PROJECT WORK/WonNyaciRun/vendor/laravel/framework/src/Illuminate/Foundation/Application.php(1358): Illuminate/Container/Container->offsetGet('files')
#7 D:/PROJECT WORK/WonNyaciRun/vendor/laravel/framework/src/Illuminate/Foundation/Support/Providers/EventServiceProvider.php(107): Illuminate/Foundation/Application->eventsAreCached()
#8 D:/PROJECT WORK/WonNyaciRun/vendor/laravel/framework/src/Illuminate/Foundation/Support/Providers/EventServiceProvider.php(58): Illuminate/Foundation/Support/Providers/EventServiceProvider->getEvents()
#9 D:/PROJECT WORK/WonNyaciRun/vendor/laravel/framework/src/Illuminate/Container/BoundMethod.php(36): Illuminate/Foundation/Support/Providers/EventServiceProvider->Illuminate/Foundation/Support/Providers/{closure}()
#10 D:/PROJECT WORK/WonNyaciRun/vendor/laravel/framework/src/Illuminate/Container/Util.php(43): Illuminate/Container/BoundMethod::Illuminate/Container/{closure}()
#11 D:/PROJECT WORK/WonNyaciRun/vendor/laravel/framework/src/Illuminate/Container/BoundMethod.php(84): Illuminate/Container/Util::unwrapIfClosure(Object(Closure))
#12 D:/PROJECT WORK/WonNyaciRun/vendor/laravel/framework/src/Illuminate/Container/BoundMethod.php(35): Illuminate/Container/BoundMethod::callBoundMethod(Object(Illuminate/Foundation/Application), Object(Closure), Object(Closure))
#13 D:/PROJECT WORK/WonNyaciRun/vendor/laravel/framework/src/Illuminate/Container/Container.php(799): Illuminate/Container/BoundMethod::call(Object(Illuminate/Foundation/Application), Object(Closure), Array, NULL)
#14 D:/PROJECT WORK/WonNyaciRun/vendor/laravel/framework/src/Illuminate/Support/ServiceProvider.php(134): Illuminate/Container/Container->call(Object(Closure))
#15 D:/PROJECT WORK/WonNyaciRun/vendor/laravel/framework/src/Illuminate/Foundation/Application.php(1148): Illuminate/Support/ServiceProvider->callBootingCallbacks()
#16 D:/PROJECT WORK/WonNyaciRun/vendor/laravel/framework/src/Illuminate/Foundation/Application.php(1132): Illuminate/Foundation/Application->bootProvider(Object(Illuminate/Foundation/Support/Providers/EventServiceProvider))
#17 [internal function]: Illuminate/Foundation/Application->Illuminate/Foundation/{closure}(Object(Illuminate/Foundation/Support/Providers/EventServiceProvider), 'Illuminate//Foun...')
#18 D:/PROJECT WORK/WonNyaciRun/vendor/laravel/framework/src/Illuminate/Foundation/Application.php(1131): array_walk(Array, Object(Closure))
#19 D:/PROJECT WORK/WonNyaciRun/vendor/laravel/framework/src/Illuminate/Foundation/Bootstrap/BootProviders.php(17): Illuminate/Foundation/Application->boot()
#20 D:/PROJECT WORK/WonNyaciRun/vendor/laravel/framework/src/Illuminate/Foundation/Application.php(342): Illuminate/Foundation/Bootstrap/BootProviders->bootstrap(Object(Illuminate/Foundation/Application))
#21 D:/PROJECT WORK/WonNyaciRun/vendor/laravel/framework/src/Illuminate/Foundation/Console/Kernel.php(494): Illuminate/Foundation/Application->bootstrapWith(Array)
#22 D:/PROJECT WORK/WonNyaciRun/vendor/laravel/framework/src/Illuminate/Foundation/Console/Kernel.php(196): Illuminate/Foundation/Console/Kernel->bootstrap()
#23 D:/PROJECT WORK/WonNyaciRun/vendor/laravel/framework/src/Illuminate/Foundation/Application.php(1235): Illuminate/Foundation/Console/Kernel->handle(Object(Symfony/Component/Console/Input/ArgvInput), Object(Symfony/Component/Console/Output/ConsoleOutput))
#24 D:/PROJECT WORK/WonNyaciRun/artisan(7): Illuminate/Foundation/Application->handleCommand(Object(Symfony/Component/Console/Input/ArgvInput))
#25 {main}
"} 
[2026-09-14 10:39:46] local.ERROR: Target class [files] does not exist. {"exception":"[object] (Illuminate\\Contracts\\Container\\BindingResolutionException(code: 0): Target class [files] does not exist. at D:/PROJECT WORK/WonNyaciRun/vendor/laravel/framework/src/Illuminate/Container/Container.php:1124)
[stacktrace]
#0 D:/PROJECT WORK/WonNyaciRun/vendor/laravel/framework/src/Illuminate/Container/Container.php(933): Illuminate/Container/Container->build('files')
#1 D:/PROJECT WORK/WonNyaciRun/vendor/laravel/framework/src/Illuminate/Foundation/Application.php(1078): Illuminate/Container/Container->resolve('files', Array, true)
#2 D:/PROJECT WORK/WonNyaciRun/vendor/laravel/framework/src/Illuminate/Container/Container.php(864): Illuminate/Foundation/Application->resolve('files', Array)
#3 D:/PROJECT WORK/WonNyaciRun/vendor/laravel/framework/src/Illuminate/Foundation/Application.php(1058): Illuminate/Container/Container->make('files', Array)
#4 D:/PROJECT WORK/WonNyaciRun/vendor/laravel/framework/src/Illuminate/Container/Container.php(1805): Illuminate/Foundation/Application->make('files')
#5 D:/PROJECT WORK/WonNyaciRun/vendor/laravel/framework/src/Illuminate/Foundation/Application.php(1358): Illuminate/Container/Container->offsetGet('files')
#6 D:/PROJECT WORK/WonNyaciRun/vendor/laravel/framework/src/Illuminate/Foundation/Support/Providers/EventServiceProvider.php(107): Illuminate/Foundation/Application->eventsAreCached()
#7 D:/PROJECT WORK/WonNyaciRun/vendor/laravel/framework/src/Illuminate/Foundation/Support/Providers/EventServiceProvider.php(58): Illuminate/Foundation/Support/Providers/EventServiceProvider->getEvents()
#8 D:/PROJECT WORK/WonNyaciRun/vendor/laravel/framework/src/Illuminate/Container/BoundMethod.php(36): Illuminate/Foundation/Support/Providers/EventServiceProvider->Illuminate/Foundation/Support/Providers/{closure}()
#9 D:/PROJECT WORK/WonNyaciRun/vendor/laravel/framework/src/Illuminate/Container/Util.php(43): Illuminate/Container/BoundMethod::Illuminate/Container/{closure}()
#10 D:/PROJECT WORK/WonNyaciRun/vendor/laravel/framework/src/Illuminate/Container/BoundMethod.php(84): Illuminate/Container/Util::unwrapIfClosure(Object(Closure))
#11 D:/PROJECT WORK/WonNyaciRun/vendor/laravel/framework/src/Illuminate/Container/BoundMethod.php(35): Illuminate/Container/BoundMethod::callBoundMethod(Object(Illuminate/Foundation/Application), Object(Closure), Object(Closure))
#12 D:/PROJECT WORK/WonNyaciRun/vendor/laravel/framework/src/Illuminate/Container/Container.php(799): Illuminate/Container/BoundMethod::call(Object(Illuminate/Foundation/Application), Object(Closure), Array, NULL)
#13 D:/PROJECT WORK/WonNyaciRun/vendor/laravel/framework/src/Illuminate/Support/ServiceProvider.php(134): Illuminate/Container/Container->call(Object(Closure))
#14 D:/PROJECT WORK/WonNyaciRun/vendor/laravel/framework/src/Illuminate/Foundation/Application.php(1148): Illuminate/Support/ServiceProvider->callBootingCallbacks()
#15 D:/PROJECT WORK/WonNyaciRun/vendor/laravel/framework/src/Illuminate/Foundation/Application.php(1132): Illuminate/Foundation/Application->bootProvider(Object(Illuminate/Foundation/Support/Providers/EventServiceProvider))
#16 [internal function]: Illuminate/Foundation/Application->Illuminate/Foundation/{closure}(Object(Illuminate/Foundation/Support/Providers/EventServiceProvider), 'Illuminate//Foun...')
#17 D:/PROJECT WORK/WonNyaciRun/vendor/laravel/framework/src/Illuminate/Foundation/Application.php(1131): array_walk(Array, Object(Closure))
#18 D:/PROJECT WORK/WonNyaciRun/vendor/laravel/framework/src/Illuminate/Foundation/Bootstrap/BootProviders.php(17): Illuminate/Foundation/Application->boot()
#19 D:/PROJECT WORK/WonNyaciRun/vendor/laravel/framework/src/Illuminate/Foundation/Application.php(342): Illuminate/Foundation/Bootstrap/BootProviders->bootstrap(Object(Illuminate/Foundation/Application))
#20 D:/PROJECT WORK/WonNyaciRun/vendor/laravel/framework/src/Illuminate/Foundation/Console/Kernel.php(494): Illuminate/Foundation/Application->bootstrapWith(Array)
#21 D:/PROJECT WORK/WonNyaciRun/vendor/laravel/framework/src/Illuminate/Foundation/Console/Kernel.php(196): Illuminate/Foundation/Console/Kernel->bootstrap()
#22 D:/PROJECT WORK/WonNyaciRun/vendor/laravel/framework/src/Illuminate/Foundation/Application.php(1235): Illuminate/Foundation/Console/Kernel->handle(Object(Symfony/Component/Console/Input/ArgvInput), Object(Symfony/Component/Console/Output/ConsoleOutput))
#23 D:/PROJECT WORK/WonNyaciRun/artisan(7): Illuminate/Foundation/Application->handleCommand(Object(Symfony/Component/Console/Input/ArgvInput))
#24 {main}

[previous exception] [object] (ReflectionException(code: -1): Class \"files\" does not exist at D:/PROJECT WORK/WonNyaciRun/vendor/laravel/framework/src/Illuminate/Container/Container.php:1122)
[stacktrace]
#0 D:/PROJECT WORK/WonNyaciRun/vendor/laravel/framework/src/Illuminate/Container/Container.php(1122): ReflectionClass->__construct('files')
#1 D:/PROJECT WORK/WonNyaciRun/vendor/laravel/framework/src/Illuminate/Container/Container.php(933): Illuminate/Container/Container->build('files')
#2 D:/PROJECT WORK/WonNyaciRun/vendor/laravel/framework/src/Illuminate/Foundation/Application.php(1078): Illuminate/Container/Container->resolve('files', Array, true)
#3 D:/PROJECT WORK/WonNyaciRun/vendor/laravel/framework/src/Illuminate/Container/Container.php(864): Illuminate/Foundation/Application->resolve('files', Array)
#4 D:/PROJECT WORK/WonNyaciRun/vendor/laravel/framework/src/Illuminate/Foundation/Application.php(1058): Illuminate/Container/Container->make('files', Array)
#5 D:/PROJECT WORK/WonNyaciRun/vendor/laravel/framework/src/Illuminate/Container/Container.php(1805): Illuminate/Foundation/Application->make('files')
#6 D:/PROJECT WORK/WonNyaciRun/vendor/laravel/framework/src/Illuminate/Foundation/Application.php(1358): Illuminate/Container/Container->offsetGet('files')
#7 D:/PROJECT WORK/WonNyaciRun/vendor/laravel/framework/src/Illuminate/Foundation/Support/Providers/EventServiceProvider.php(107): Illuminate/Foundation/Application->eventsAreCached()
#8 D:/PROJECT WORK/WonNyaciRun/vendor/laravel/framework/src/Illuminate/Foundation/Support/Providers/EventServiceProvider.php(58): Illuminate/Foundation/Support/Providers/EventServiceProvider->getEvents()
#9 D:/PROJECT WORK/WonNyaciRun/vendor/laravel/framework/src/Illuminate/Container/BoundMethod.php(36): Illuminate/Foundation/Support/Providers/EventServiceProvider->Illuminate/Foundation/Support/Providers/{closure}()
#10 D:/PROJECT WORK/WonNyaciRun/vendor/laravel/framework/src/Illuminate/Container/Util.php(43): Illuminate/Container/BoundMethod::Illuminate/Container/{closure}()
#11 D:/PROJECT WORK/WonNyaciRun/vendor/laravel/framework/src/Illuminate/Container/BoundMethod.php(84): Illuminate/Container/Util::unwrapIfClosure(Object(Closure))
#12 D:/PROJECT WORK/WonNyaciRun/vendor/laravel/framework/src/Illuminate/Container/BoundMethod.php(35): Illuminate/Container/BoundMethod::callBoundMethod(Object(Illuminate/Foundation/Application), Object(Closure), Object(Closure))
#13 D:/PROJECT WORK/WonNyaciRun/vendor/laravel/framework/src/Illuminate/Container/Container.php(799): Illuminate/Container/BoundMethod::call(Object(Illuminate/Foundation/Application), Object(Closure), Array, NULL)
#14 D:/PROJECT WORK/WonNyaciRun/vendor/laravel/framework/src/Illuminate/Support/ServiceProvider.php(134): Illuminate/Container/Container->call(Object(Closure))
#15 D:/PROJECT WORK/WonNyaciRun/vendor/laravel/framework/src/Illuminate/Foundation/Application.php(1148): Illuminate/Support/ServiceProvider->callBootingCallbacks()
#16 D:/PROJECT WORK/WonNyaciRun/vendor/laravel/framework/src/Illuminate/Foundation/Application.php(1132): Illuminate/Foundation/Application->bootProvider(Object(Illuminate/Foundation/Support/Providers/EventServiceProvider))
#17 [internal function]: Illuminate/Foundation/Application->Illuminate/Foundation/{closure}(Object(Illuminate/Foundation/Support/Providers/EventServiceProvider), 'Illuminate//Foun...')
#18 D:/PROJECT WORK/WonNyaciRun/vendor/laravel/framework/src/Illuminate/Foundation/Application.php(1131): array_walk(Array, Object(Closure))
#19 D:/PROJECT WORK/WonNyaciRun/vendor/laravel/framework/src/Illuminate/Foundation/Bootstrap/BootProviders.php(17): Illuminate/Foundation/Application->boot()
#20 D:/PROJECT WORK/WonNyaciRun/vendor/laravel/framework/src/Illuminate/Foundation/Application.php(342): Illuminate/Foundation/Bootstrap/BootProviders->bootstrap(Object(Illuminate/Foundation/Application))
#21 D:/PROJECT WORK/WonNyaciRun/vendor/laravel/framework/src/Illuminate/Foundation/Console/Kernel.php(494): Illuminate/Foundation/Application->bootstrapWith(Array)
#22 D:/PROJECT WORK/WonNyaciRun/vendor/laravel/framework/src/Illuminate/Foundation/Console/Kernel.php(196): Illuminate/Foundation/Console/Kernel->bootstrap()
#23 D:/PROJECT WORK/WonNyaciRun/vendor/laravel/framework/src/Illuminate/Foundation/Application.php(1235): Illuminate/Foundation/Console/Kernel->handle(Object(Symfony/Component/Console/Input/ArgvInput), Object(Symfony/Component/Console/Output/ConsoleOutput))
#24 D:/PROJECT WORK/WonNyaciRun/artisan(7): Illuminate/Foundation/Application->handleCommand(Object(Symfony/Component/Console/Input/ArgvInput))
#25 {main}
"} 
[2026-09-14 10:42:16] local.ERROR: A scheduled event name is required to prevent overlapping. Use the 'name' method before 'withoutOverlapping'. {"exception":"[object] (LogicException(code: 0): A scheduled event name is required to prevent overlapping. Use the 'name' method before 'withoutOverlapping'. at D:/PROJECT WORK/WonNyaciRun/vendor/laravel/framework/src/Illuminate/Console/Scheduling/CallbackEvent.php:141)
[stacktrace]
#0 D:/PROJECT WORK/WonNyaciRun/routes/console.php(6): Illuminate/Console/Scheduling/CallbackEvent->withoutOverlapping()
#1 D:/PROJECT WORK/WonNyaciRun/vendor/laravel/framework/src/Illuminate/Foundation/Console/Kernel.php(523): require('D://PROJECT WORK...')
#2 D:/PROJECT WORK/WonNyaciRun/vendor/laravel/framework/src/Illuminate/Foundation/Console/Kernel.php(503): Illuminate/Foundation/Console/Kernel->discoverCommands()
#3 D:/PROJECT WORK/WonNyaciRun/vendor/laravel/framework/src/Illuminate/Foundation/Console/Kernel.php(196): Illuminate/Foundation/Console/Kernel->bootstrap()
#4 D:/PROJECT WORK/WonNyaciRun/vendor/laravel/framework/src/Illuminate/Foundation/Application.php(1235): Illuminate/Foundation/Console/Kernel->handle(Object(Symfony/Component/Console/Input/ArgvInput), Object(Symfony/Component/Console/Output/ConsoleOutput))
#5 D:/PROJECT WORK/WonNyaciRun/artisan(7): Illuminate/Foundation/Application->handleCommand(Object(Symfony/Component/Console/Input/ArgvInput))
#6 {main}
"} 
[2026-09-14 10:42:17] local.ERROR: A scheduled event name is required to prevent overlapping. Use the 'name' method before 'withoutOverlapping'. {"exception":"[object] (LogicException(code: 0): A scheduled event name is required to prevent overlapping. Use the 'name' method before 'withoutOverlapping'. at D:/PROJECT WORK/WonNyaciRun/vendor/laravel/framework/src/Illuminate/Console/Scheduling/CallbackEvent.php:141)
[stacktrace]
#0 D:/PROJECT WORK/WonNyaciRun/routes/console.php(6): Illuminate/Console/Scheduling/CallbackEvent->withoutOverlapping()
#1 D:/PROJECT WORK/WonNyaciRun/vendor/laravel/framework/src/Illuminate/Foundation/Console/Kernel.php(523): require('D://PROJECT WORK...')
#2 D:/PROJECT WORK/WonNyaciRun/vendor/laravel/framework/src/Illuminate/Foundation/Console/Kernel.php(503): Illuminate/Foundation/Console/Kernel->discoverCommands()
#3 D:/PROJECT WORK/WonNyaciRun/vendor/laravel/framework/src/Illuminate/Foundation/Console/Kernel.php(196): Illuminate/Foundation/Console/Kernel->bootstrap()
#4 D:/PROJECT WORK/WonNyaciRun/vendor/laravel/framework/src/Illuminate/Foundation/Application.php(1235): Illuminate/Foundation/Console/Kernel->handle(Object(Symfony/Component/Console/Input/ArgvInput), Object(Symfony/Component/Console/Output/ConsoleOutput))
#5 D:/PROJECT WORK/WonNyaciRun/artisan(7): Illuminate/Foundation/Application->handleCommand(Object(Symfony/Component/Console/Input/ArgvInput))
#6 {main}
"} 
[2026-09-14 10:42:17] local.ERROR: A scheduled event name is required to prevent overlapping. Use the 'name' method before 'withoutOverlapping'. {"exception":"[object] (LogicException(code: 0): A scheduled event name is required to prevent overlapping. Use the 'name' method before 'withoutOverlapping'. at D:/PROJECT WORK/WonNyaciRun/vendor/laravel/framework/src/Illuminate/Console/Scheduling/CallbackEvent.php:141)
[stacktrace]
#0 D:/PROJECT WORK/WonNyaciRun/routes/console.php(6): Illuminate/Console/Scheduling/CallbackEvent->withoutOverlapping()
#1 D:/PROJECT WORK/WonNyaciRun/vendor/laravel/framework/src/Illuminate/Foundation/Console/Kernel.php(523): require('D://PROJECT WORK...')
#2 D:/PROJECT WORK/WonNyaciRun/vendor/laravel/framework/src/Illuminate/Foundation/Console/Kernel.php(503): Illuminate/Foundation/Console/Kernel->discoverCommands()
#3 D:/PROJECT WORK/WonNyaciRun/vendor/laravel/framework/src/Illuminate/Foundation/Console/Kernel.php(196): Illuminate/Foundation/Console/Kernel->bootstrap()
#4 D:/PROJECT WORK/WonNyaciRun/vendor/laravel/framework/src/Illuminate/Foundation/Application.php(1235): Illuminate/Foundation/Console/Kernel->handle(Object(Symfony/Component/Console/Input/ArgvInput), Object(Symfony/Component/Console/Output/ConsoleOutput))
#5 D:/PROJECT WORK/WonNyaciRun/artisan(7): Illuminate/Foundation/Application->handleCommand(Object(Symfony/Component/Console/Input/ArgvInput))
#6 {main}
"} 
[2026-09-14 10:42:17] local.ERROR: A scheduled event name is required to prevent overlapping. Use the 'name' method before 'withoutOverlapping'. {"exception":"[object] (LogicException(code: 0): A scheduled event name is required to prevent overlapping. Use the 'name' method before 'withoutOverlapping'. at D:/PROJECT WORK/WonNyaciRun/vendor/laravel/framework/src/Illuminate/Console/Scheduling/CallbackEvent.php:141)
[stacktrace]
#0 D:/PROJECT WORK/WonNyaciRun/routes/console.php(6): Illuminate/Console/Scheduling/CallbackEvent->withoutOverlapping()
#1 D:/PROJECT WORK/WonNyaciRun/vendor/laravel/framework/src/Illuminate/Foundation/Console/Kernel.php(523): require('D://PROJECT WORK...')
#2 D:/PROJECT WORK/WonNyaciRun/vendor/laravel/framework/src/Illuminate/Foundation/Console/Kernel.php(503): Illuminate/Foundation/Console/Kernel->discoverCommands()
#3 D:/PROJECT WORK/WonNyaciRun/vendor/laravel/framework/src/Illuminate/Foundation/Console/Kernel.php(196): Illuminate/Foundation/Console/Kernel->bootstrap()
#4 D:/PROJECT WORK/WonNyaciRun/vendor/laravel/framework/src/Illuminate/Foundation/Application.php(1235): Illuminate/Foundation/Console/Kernel->handle(Object(Symfony/Component/Console/Input/ArgvInput), Object(Symfony/Component/Console/Output/ConsoleOutput))
#5 D:/PROJECT WORK/WonNyaciRun/artisan(7): Illuminate/Foundation/Application->handleCommand(Object(Symfony/Component/Console/Input/ArgvInput))
#6 {main}
"} 
[2026-09-14 10:45:40] local.ERROR: Vite manifest not found at: D:\PROJECT WORK\WonNyaciRun\public\build/manifest.json (View: D:\PROJECT WORK\WonNyaciRun\resources\views\app.blade.php) {"exception":"[object] (Illuminate\\View\\ViewException(code: 0): Vite manifest not found at: D:\\PROJECT WORK\\WonNyaciRun\\public\\build/manifest.json (View: D:\\PROJECT WORK\\WonNyaciRun\\resources\\views\\app.blade.php) at D:/PROJECT WORK/WonNyaciRun/vendor/laravel/framework/src/Illuminate/Foundation/Vite.php:946)
[stacktrace]
#0 D:/PROJECT WORK/WonNyaciRun/vendor/laravel/framework/src/Illuminate/View/Engines/PhpEngine.php(59): Illuminate/View/Engines/CompilerEngine->handleViewException(Object(Illuminate/Foundation/ViteManifestNotFoundException), 1)
#1 D:/PROJECT WORK/WonNyaciRun/vendor/laravel/framework/src/Illuminate/View/Engines/CompilerEngine.php(76): Illuminate/View/Engines/PhpEngine->evaluatePath('D://PROJECT WORK...', Array)
#2 D:/PROJECT WORK/WonNyaciRun/vendor/laravel/framework/src/Illuminate/View/View.php(208): Illuminate/View/Engines/CompilerEngine->get('D://PROJECT WORK...', Array)
#3 D:/PROJECT WORK/WonNyaciRun/vendor/laravel/framework/src/Illuminate/View/View.php(191): Illuminate/View/View->getContents()
#4 D:/PROJECT WORK/WonNyaciRun/vendor/laravel/framework/src/Illuminate/View/View.php(160): Illuminate/View/View->renderContents()
#5 D:/PROJECT WORK/WonNyaciRun/vendor/laravel/framework/src/Illuminate/Http/Response.php(78): Illuminate/View/View->render()
#6 D:/PROJECT WORK/WonNyaciRun/vendor/laravel/framework/src/Illuminate/Http/Response.php(34): Illuminate/Http/Response->setContent(Object(Illuminate/View/View))
#7 D:/PROJECT WORK/WonNyaciRun/vendor/laravel/framework/src/Illuminate/Routing/ResponseFactory.php(61): Illuminate/Http/Response->__construct(Object(Illuminate/View/View), 200, Array)
#8 D:/PROJECT WORK/WonNyaciRun/vendor/laravel/framework/src/Illuminate/Routing/ResponseFactory.php(91): Illuminate/Routing/ResponseFactory->make(Object(Illuminate/View/View), 200, Array)
#9 D:/PROJECT WORK/WonNyaciRun/vendor/laravel/framework/src/Illuminate/Routing/ViewController.php(40): Illuminate/Routing/ResponseFactory->view('app', Array, 200, Array)
#10 D:/PROJECT WORK/WonNyaciRun/vendor/laravel/framework/src/Illuminate/Routing/ViewController.php(57): Illuminate/Routing/ViewController->__invoke(view: 'app', data: Array, status: 200, headers: Array)
#11 D:/PROJECT WORK/WonNyaciRun/vendor/laravel/framework/src/Illuminate/Routing/ControllerDispatcher.php(43): Illuminate/Routing/ViewController->callAction('__invoke', Array)
#12 D:/PROJECT WORK/WonNyaciRun/vendor/laravel/framework/src/Illuminate/Routing/Route.php(265): Illuminate/Routing/ControllerDispatcher->dispatch(Object(Illuminate/Routing/Route), Object(Illuminate/Routing/ViewController), '__invoke')
#13 D:/PROJECT WORK/WonNyaciRun/vendor/laravel/framework/src/Illuminate/Routing/Route.php(211): Illuminate/Routing/Route->runController()
#14 D:/PROJECT WORK/WonNyaciRun/vendor/laravel/framework/src/Illuminate/Routing/Router.php(822): Illuminate/Routing/Route->run()
#15 D:/PROJECT WORK/WonNyaciRun/vendor/laravel/framework/src/Illuminate/Pipeline/Pipeline.php(180): Illuminate/Routing/Router->Illuminate/Routing/{closure}(Object(Illuminate/Http/Request))
#16 D:/PROJECT WORK/WonNyaciRun/vendor/laravel/framework/src/Illuminate/Routing/Middleware/SubstituteBindings.php(50): Illuminate/Pipeline/Pipeline->Illuminate/Pipeline/{closure}(Object(Illuminate/Http/Request))
#17 D:/PROJECT WORK/WonNyaciRun/vendor/laravel/framework/src/Illuminate/Pipeline/Pipeline.php(219): Illuminate/Routing/Middleware/SubstituteBindings->handle(Object(Illuminate/Http/Request), Object(Closure))
#18 D:/PROJECT WORK/WonNyaciRun/vendor/laravel/framework/src/Illuminate/Foundation/Http/Middleware/VerifyCsrfToken.php(87): Illuminate/Pipeline/Pipeline->Illuminate/Pipeline/{closure}(Object(Illuminate/Http/Request))
#19 D:/PROJECT WORK/WonNyaciRun/vendor/laravel/framework/src/Illuminate/Pipeline/Pipeline.php(219): Illuminate/Foundation/Http/Middleware/VerifyCsrfToken->handle(Object(Illuminate/Http/Request), Object(Closure))
#20 D:/PROJECT WORK/WonNyaciRun/vendor/laravel/framework/src/Illuminate/View/Middleware/ShareErrorsFromSession.php(48): Illuminate/Pipeline/Pipeline->Illuminate/Pipeline/{closure}(Object(Illuminate/Http/Request))
#21 D:/PROJECT WORK/WonNyaciRun/vendor/laravel/framework/src/Illuminate/Pipeline/Pipeline.php(219): Illuminate/View/Middleware/ShareErrorsFromSession->handle(Object(Illuminate/Http/Request), Object(Closure))
#22 D:/PROJECT WORK/WonNyaciRun/vendor/laravel/framework/src/Illuminate/Session/Middleware/StartSession.php(120): Illuminate/Pipeline/Pipeline->Illuminate/Pipeline/{closure}(Object(Illuminate/Http/Request))
#23 D:/PROJECT WORK/WonNyaciRun/vendor/laravel/framework/src/Illuminate/Session/Middleware/StartSession.php(63): Illuminate/Session/Middleware/StartSession->handleStatefulRequest(Object(Illuminate/Http/Request), Object(Illuminate/Session/Store), Object(Closure))
#24 D:/PROJECT WORK/WonNyaciRun/vendor/laravel/framework/src/Illuminate/Pipeline/Pipeline.php(219): Illuminate/Session/Middleware/StartSession->handle(Object(Illuminate/Http/Request), Object(Closure))
#25 D:/PROJECT WORK/WonNyaciRun/vendor/laravel/framework/src/Illuminate/Cookie/Middleware/AddQueuedCookiesToResponse.php(36): Illuminate/Pipeline/Pipeline->Illuminate/Pipeline/{closure}(Object(Illuminate/Http/Request))
#26 D:/PROJECT WORK/WonNyaciRun/vendor/laravel/framework/src/Illuminate/Pipeline/Pipeline.php(219): Illuminate/Cookie/Middleware/AddQueuedCookiesToResponse->handle(Object(Illuminate/Http/Request), Object(Closure))
#27 D:/PROJECT WORK/WonNyaciRun/vendor/laravel/framework/src/Illuminate/Cookie/Middleware/EncryptCookies.php(74): Illuminate/Pipeline/Pipeline->Illuminate/Pipeline/{closure}(Object(Illuminate/Http/Request))
#28 D:/PROJECT WORK/WonNyaciRun/vendor/laravel/framework/src/Illuminate/Pipeline/Pipeline.php(219): Illuminate/Cookie/Middleware/EncryptCookies->handle(Object(Illuminate/Http/Request), Object(Closure))
#29 D:/PROJECT WORK/WonNyaciRun/vendor/laravel/framework/src/Illuminate/Pipeline/Pipeline.php(137): Illuminate/Pipeline/Pipeline->Illuminate/Pipeline/{closure}(Object(Illuminate/Http/Request))
#30 D:/PROJECT WORK/WonNyaciRun/vendor/laravel/framework/src/Illuminate/Routing/Router.php(821): Illuminate/Pipeline/Pipeline->then(Object(Closure))
#31 D:/PROJECT WORK/WonNyaciRun/vendor/laravel/framework/src/Illuminate/Routing/Router.php(800): Illuminate/Routing/Router->runRouteWithinStack(Object(Illuminate/Routing/Route), Object(Illuminate/Http/Request))
#32 D:/PROJECT WORK/WonNyaciRun/vendor/laravel/framework/src/Illuminate/Routing/Router.php(764): Illuminate/Routing/Router->runRoute(Object(Illuminate/Http/Request), Object(Illuminate/Routing/Route))
#33 D:/PROJECT WORK/WonNyaciRun/vendor/laravel/framework/src/Illuminate/Routing/Router.php(753): Illuminate/Routing/Router->dispatchToRoute(Object(Illuminate/Http/Request))
#34 D:/PROJECT WORK/WonNyaciRun/vendor/laravel/framework/src/Illuminate/Foundation/Http/Kernel.php(200): Illuminate/Routing/Router->dispatch(Object(Illuminate/Http/Request))
#35 D:/PROJECT WORK/WonNyaciRun/vendor/laravel/framework/src/Illuminate/Pipeline/Pipeline.php(180): Illuminate/Foundation/Http/Kernel->Illuminate/Foundation/Http/{closure}(Object(Illuminate/Http/Request))
#36 D:/PROJECT WORK/WonNyaciRun/vendor/laravel/framework/src/Illuminate/Foundation/Http/Middleware/TransformsRequest.php(21): Illuminate/Pipeline/Pipeline->Illuminate/Pipeline/{closure}(Object(Illuminate/Http/Request))
#37 D:/PROJECT WORK/WonNyaciRun/vendor/laravel/framework/src/Illuminate/Foundation/Http/Middleware/ConvertEmptyStringsToNull.php(31): Illuminate/Foundation/Http/Middleware/TransformsRequest->handle(Object(Illuminate/Http/Request), Object(Closure))
#38 D:/PROJECT WORK/WonNyaciRun/vendor/laravel/framework/src/Illuminate/Pipeline/Pipeline.php(219): Illuminate/Foundation/Http/Middleware/ConvertEmptyStringsToNull->handle(Object(Illuminate/Http/Request), Object(Closure))
#39 D:/PROJECT WORK/WonNyaciRun/vendor/laravel/framework/src/Illuminate/Foundation/Http/Middleware/TransformsRequest.php(21): Illuminate/Pipeline/Pipeline->Illuminate/Pipeline/{closure}(Object(Illuminate/Http/Request))
#40 D:/PROJECT WORK/WonNyaciRun/vendor/laravel/framework/src/Illuminate/Foundation/Http/Middleware/TrimStrings.php(51): Illuminate/Foundation/Http/Middleware/TransformsRequest->handle(Object(Illuminate/Http/Request), Object(Closure))
#41 D:/PROJECT WORK/WonNyaciRun/vendor/laravel/framework/src/Illuminate/Pipeline/Pipeline.php(219): Illuminate/Foundation/Http/Middleware/TrimStrings->handle(Object(Illuminate/Http/Request), Object(Closure))
#42 D:/PROJECT WORK/WonNyaciRun/vendor/laravel/framework/src/Illuminate/Http/Middleware/ValidatePostSize.php(27): Illuminate/Pipeline/Pipeline->Illuminate/Pipeline/{closure}(Object(Illuminate/Http/Request))
#43 D:/PROJECT WORK/WonNyaciRun/vendor/laravel/framework/src/Illuminate/Pipeline/Pipeline.php(219): Illuminate/Http/Middleware/ValidatePostSize->handle(Object(Illuminate/Http/Request), Object(Closure))
#44 D:/PROJECT WORK/WonNyaciRun/vendor/laravel/framework/src/Illuminate/Foundation/Http/Middleware/PreventRequestsDuringMaintenance.php(109): Illuminate/Pipeline/Pipeline->Illuminate/Pipeline/{closure}(Object(Illuminate/Http/Request))
#45 D:/PROJECT WORK/WonNyaciRun/vendor/laravel/framework/src/Illuminate/Pipeline/Pipeline.php(219): Illuminate/Foundation/Http/Middleware/PreventRequestsDuringMaintenance->handle(Object(Illuminate/Http/Request), Object(Closure))
#46 D:/PROJECT WORK/WonNyaciRun/vendor/laravel/framework/src/Illuminate/Http/Middleware/HandleCors.php(61): Illuminate/Pipeline/Pipeline->Illuminate/Pipeline/{closure}(Object(Illuminate/Http/Request))
#47 D:/PROJECT WORK/WonNyaciRun/vendor/laravel/framework/src/Illuminate/Pipeline/Pipeline.php(219): Illuminate/Http/Middleware/HandleCors->handle(Object(Illuminate/Http/Request), Object(Closure))
#48 D:/PROJECT WORK/WonNyaciRun/vendor/laravel/framework/src/Illuminate/Http/Middleware/TrustProxies.php(58): Illuminate/Pipeline/Pipeline->Illuminate/Pipeline/{closure}(Object(Illuminate/Http/Request))
#49 D:/PROJECT WORK/WonNyaciRun/vendor/laravel/framework/src/Illuminate/Pipeline/Pipeline.php(219): Illuminate/Http/Middleware/TrustProxies->handle(Object(Illuminate/Http/Request), Object(Closure))
#50 D:/PROJECT WORK/WonNyaciRun/vendor/laravel/framework/src/Illuminate/Foundation/Http/Middleware/InvokeDeferredCallbacks.php(22): Illuminate/Pipeline/Pipeline->Illuminate/Pipeline/{closure}(Object(Illuminate/Http/Request))
#51 D:/PROJECT WORK/WonNyaciRun/vendor/laravel/framework/src/Illuminate/Pipeline/Pipeline.php(219): Illuminate/Foundation/Http/Middleware/InvokeDeferredCallbacks->handle(Object(Illuminate/Http/Request), Object(Closure))
#52 D:/PROJECT WORK/WonNyaciRun/vendor/laravel/framework/src/Illuminate/Http/Middleware/ValidatePathEncoding.php(26): Illuminate/Pipeline/Pipeline->Illuminate/Pipeline/{closure}(Object(Illuminate/Http/Request))
#53 D:/PROJECT WORK/WonNyaciRun/vendor/laravel/framework/src/Illuminate/Pipeline/Pipeline.php(219): Illuminate/Http/Middleware/ValidatePathEncoding->handle(Object(Illuminate/Http/Request), Object(Closure))
#54 D:/PROJECT WORK/WonNyaciRun/vendor/laravel/framework/src/Illuminate/Pipeline/Pipeline.php(137): Illuminate/Pipeline/Pipeline->Illuminate/Pipeline/{closure}(Object(Illuminate/Http/Request))
#55 D:/PROJECT WORK/WonNyaciRun/vendor/laravel/framework/src/Illuminate/Foundation/Http/Kernel.php(175): Illuminate/Pipeline/Pipeline->then(Object(Closure))
#56 D:/PROJECT WORK/WonNyaciRun/vendor/laravel/framework/src/Illuminate/Foundation/Http/Kernel.php(144): Illuminate/Foundation/Http/Kernel->sendRequestThroughRouter(Object(Illuminate/Http/Request))
#57 D:/PROJECT WORK/WonNyaciRun/vendor/laravel/framework/src/Illuminate/Foundation/Application.php(1220): Illuminate/Foundation/Http/Kernel->handle(Object(Illuminate/Http/Request))
#58 D:/PROJECT WORK/WonNyaciRun/public/index.php(7): Illuminate/Foundation/Application->handleRequest(Object(Illuminate/Http/Request))
#59 D:/PROJECT WORK/WonNyaciRun/vendor/laravel/framework/src/Illuminate/Foundation/resources/server.php(23): require_once('D://PROJECT WORK...')
#60 {main}

[previous exception] [object] (Illuminate\\Foundation\\ViteManifestNotFoundException(code: 0): Vite manifest not found at: D:\\PROJECT WORK\\WonNyaciRun\\public\\build/manifest.json at D:/PROJECT WORK/WonNyaciRun/vendor/laravel/framework/src/Illuminate/Foundation/Vite.php:946)
[stacktrace]
#0 D:/PROJECT WORK/WonNyaciRun/vendor/laravel/framework/src/Illuminate/Foundation/Vite.php(384): Illuminate/Foundation/Vite->manifest('build')
#1 D:/PROJECT WORK/WonNyaciRun/storage/framework/views/75de090d7c096a23f1e65c36ac4275fa.php(8): Illuminate/Foundation/Vite->__invoke(Object(Illuminate/Support/Collection))
#2 D:/PROJECT WORK/WonNyaciRun/vendor/laravel/framework/src/Illuminate/Filesystem/Filesystem.php(123): require('D://PROJECT WORK...')
#3 D:/PROJECT WORK/WonNyaciRun/vendor/laravel/framework/src/Illuminate/Filesystem/Filesystem.php(124): Illuminate/Filesystem/Filesystem::Illuminate/Filesystem/{closure}()
#4 D:/PROJECT WORK/WonNyaciRun/vendor/laravel/framework/src/Illuminate/View/Engines/PhpEngine.php(57): Illuminate/Filesystem/Filesystem->getRequire('D://PROJECT WORK...', Array)
#5 D:/PROJECT WORK/WonNyaciRun/vendor/laravel/framework/src/Illuminate/View/Engines/CompilerEngine.php(76): Illuminate/View/Engines/PhpEngine->evaluatePath('D://PROJECT WORK...', Array)
#6 D:/PROJECT WORK/WonNyaciRun/vendor/laravel/framework/src/Illuminate/View/View.php(208): Illuminate/View/Engines/CompilerEngine->get('D://PROJECT WORK...', Array)
#7 D:/PROJECT WORK/WonNyaciRun/vendor/laravel/framework/src/Illuminate/View/View.php(191): Illuminate/View/View->getContents()
#8 D:/PROJECT WORK/WonNyaciRun/vendor/laravel/framework/src/Illuminate/View/View.php(160): Illuminate/View/View->renderContents()
#9 D:/PROJECT WORK/WonNyaciRun/vendor/laravel/framework/src/Illuminate/Http/Response.php(78): Illuminate/View/View->render()
#10 D:/PROJECT WORK/WonNyaciRun/vendor/laravel/framework/src/Illuminate/Http/Response.php(34): Illuminate/Http/Response->setContent(Object(Illuminate/View/View))
#11 D:/PROJECT WORK/WonNyaciRun/vendor/laravel/framework/src/Illuminate/Routing/ResponseFactory.php(61): Illuminate/Http/Response->__construct(Object(Illuminate/View/View), 200, Array)
#12 D:/PROJECT WORK/WonNyaciRun/vendor/laravel/framework/src/Illuminate/Routing/ResponseFactory.php(91): Illuminate/Routing/ResponseFactory->make(Object(Illuminate/View/View), 200, Array)
#13 D:/PROJECT WORK/WonNyaciRun/vendor/laravel/framework/src/Illuminate/Routing/ViewController.php(40): Illuminate/Routing/ResponseFactory->view('app', Array, 200, Array)
#14 D:/PROJECT WORK/WonNyaciRun/vendor/laravel/framework/src/Illuminate/Routing/ViewController.php(57): Illuminate/Routing/ViewController->__invoke(view: 'app', data: Array, status: 200, headers: Array)
#15 D:/PROJECT WORK/WonNyaciRun/vendor/laravel/framework/src/Illuminate/Routing/ControllerDispatcher.php(43): Illuminate/Routing/ViewController->callAction('__invoke', Array)
#16 D:/PROJECT WORK/WonNyaciRun/vendor/laravel/framework/src/Illuminate/Routing/Route.php(265): Illuminate/Routing/ControllerDispatcher->dispatch(Object(Illuminate/Routing/Route), Object(Illuminate/Routing/ViewController), '__invoke')
#17 D:/PROJECT WORK/WonNyaciRun/vendor/laravel/framework/src/Illuminate/Routing/Route.php(211): Illuminate/Routing/Route->runController()
#18 D:/PROJECT WORK/WonNyaciRun/vendor/laravel/framework/src/Illuminate/Routing/Router.php(822): Illuminate/Routing/Route->run()
#19 D:/PROJECT WORK/WonNyaciRun/vendor/laravel/framework/src/Illuminate/Pipeline/Pipeline.php(180): Illuminate/Routing/Router->Illuminate/Routing/{closure}(Object(Illuminate/Http/Request))
#20 D:/PROJECT WORK/WonNyaciRun/vendor/laravel/framework/src/Illuminate/Routing/Middleware/SubstituteBindings.php(50): Illuminate/Pipeline/Pipeline->Illuminate/Pipeline/{closure}(Object(Illuminate/Http/Request))
#21 D:/PROJECT WORK/WonNyaciRun/vendor/laravel/framework/src/Illuminate/Pipeline/Pipeline.php(219): Illuminate/Routing/Middleware/SubstituteBindings->handle(Object(Illuminate/Http/Request), Object(Closure))
#22 D:/PROJECT WORK/WonNyaciRun/vendor/laravel/framework/src/Illuminate/Foundation/Http/Middleware/VerifyCsrfToken.php(87): Illuminate/Pipeline/Pipeline->Illuminate/Pipeline/{closure}(Object(Illuminate/Http/Request))
#23 D:/PROJECT WORK/WonNyaciRun/vendor/laravel/framework/src/Illuminate/Pipeline/Pipeline.php(219): Illuminate/Foundation/Http/Middleware/VerifyCsrfToken->handle(Object(Illuminate/Http/Request), Object(Closure))
#24 D:/PROJECT WORK/WonNyaciRun/vendor/laravel/framework/src/Illuminate/View/Middleware/ShareErrorsFromSession.php(48): Illuminate/Pipeline/Pipeline->Illuminate/Pipeline/{closure}(Object(Illuminate/Http/Request))
#25 D:/PROJECT WORK/WonNyaciRun/vendor/laravel/framework/src/Illuminate/Pipeline/Pipeline.php(219): Illuminate/View/Middleware/ShareErrorsFromSession->handle(Object(Illuminate/Http/Request), Object(Closure))
#26 D:/PROJECT WORK/WonNyaciRun/vendor/laravel/framework/src/Illuminate/Session/Middleware/StartSession.php(120): Illuminate/Pipeline/Pipeline->Illuminate/Pipeline/{closure}(Object(Illuminate/Http/Request))
#27 D:/PROJECT WORK/WonNyaciRun/vendor/laravel/framework/src/Illuminate/Session/Middleware/StartSession.php(63): Illuminate/Session/Middleware/StartSession->handleStatefulRequest(Object(Illuminate/Http/Request), Object(Illuminate/Session/Store), Object(Closure))
#28 D:/PROJECT WORK/WonNyaciRun/vendor/laravel/framework/src/Illuminate/Pipeline/Pipeline.php(219): Illuminate/Session/Middleware/StartSession->handle(Object(Illuminate/Http/Request), Object(Closure))
#29 D:/PROJECT WORK/WonNyaciRun/vendor/laravel/framework/src/Illuminate/Cookie/Middleware/AddQueuedCookiesToResponse.php(36): Illuminate/Pipeline/Pipeline->Illuminate/Pipeline/{closure}(Object(Illuminate/Http/Request))
#30 D:/PROJECT WORK/WonNyaciRun/vendor/laravel/framework/src/Illuminate/Pipeline/Pipeline.php(219): Illuminate/Cookie/Middleware/AddQueuedCookiesToResponse->handle(Object(Illuminate/Http/Request), Object(Closure))
#31 D:/PROJECT WORK/WonNyaciRun/vendor/laravel/framework/src/Illuminate/Cookie/Middleware/EncryptCookies.php(74): Illuminate/Pipeline/Pipeline->Illuminate/Pipeline/{closure}(Object(Illuminate/Http/Request))
#32 D:/PROJECT WORK/WonNyaciRun/vendor/laravel/framework/src/Illuminate/Pipeline/Pipeline.php(219): Illuminate/Cookie/Middleware/EncryptCookies->handle(Object(Illuminate/Http/Request), Object(Closure))
#33 D:/PROJECT WORK/WonNyaciRun/vendor/laravel/framework/src/Illuminate/Pipeline/Pipeline.php(137): Illuminate/Pipeline/Pipeline->Illuminate/Pipeline/{closure}(Object(Illuminate/Http/Request))
#34 D:/PROJECT WORK/WonNyaciRun/vendor/laravel/framework/src/Illuminate/Routing/Router.php(821): Illuminate/Pipeline/Pipeline->then(Object(Closure))
#35 D:/PROJECT WORK/WonNyaciRun/vendor/laravel/framework/src/Illuminate/Routing/Router.php(800): Illuminate/Routing/Router->runRouteWithinStack(Object(Illuminate/Routing/Route), Object(Illuminate/Http/Request))
#36 D:/PROJECT WORK/WonNyaciRun/vendor/laravel/framework/src/Illuminate/Routing/Router.php(764): Illuminate/Routing/Router->runRoute(Object(Illuminate/Http/Request), Object(Illuminate/Routing/Route))
#37 D:/PROJECT WORK/WonNyaciRun/vendor/laravel/framework/src/Illuminate/Routing/Router.php(753): Illuminate/Routing/Router->dispatchToRoute(Object(Illuminate/Http/Request))
#38 D:/PROJECT WORK/WonNyaciRun/vendor/laravel/framework/src/Illuminate/Foundation/Http/Kernel.php(200): Illuminate/Routing/Router->dispatch(Object(Illuminate/Http/Request))
#39 D:/PROJECT WORK/WonNyaciRun/vendor/laravel/framework/src/Illuminate/Pipeline/Pipeline.php(180): Illuminate/Foundation/Http/Kernel->Illuminate/Foundation/Http/{closure}(Object(Illuminate/Http/Request))
#40 D:/PROJECT WORK/WonNyaciRun/vendor/laravel/framework/src/Illuminate/Foundation/Http/Middleware/TransformsRequest.php(21): Illuminate/Pipeline/Pipeline->Illuminate/Pipeline/{closure}(Object(Illuminate/Http/Request))
#41 D:/PROJECT WORK/WonNyaciRun/vendor/laravel/framework/src/Illuminate/Foundation/Http/Middleware/ConvertEmptyStringsToNull.php(31): Illuminate/Foundation/Http/Middleware/TransformsRequest->handle(Object(Illuminate/Http/Request), Object(Closure))
#42 D:/PROJECT WORK/WonNyaciRun/vendor/laravel/framework/src/Illuminate/Pipeline/Pipeline.php(219): Illuminate/Foundation/Http/Middleware/ConvertEmptyStringsToNull->handle(Object(Illuminate/Http/Request), Object(Closure))
#43 D:/PROJECT WORK/WonNyaciRun/vendor/laravel/framework/src/Illuminate/Foundation/Http/Middleware/TransformsRequest.php(21): Illuminate/Pipeline/Pipeline->Illuminate/Pipeline/{closure}(Object(Illuminate/Http/Request))
#44 D:/PROJECT WORK/WonNyaciRun/vendor/laravel/framework/src/Illuminate/Foundation/Http/Middleware/TrimStrings.php(51): Illuminate/Foundation/Http/Middleware/TransformsRequest->handle(Object(Illuminate/Http/Request), Object(Closure))
#45 D:/PROJECT WORK/WonNyaciRun/vendor/laravel/framework/src/Illuminate/Pipeline/Pipeline.php(219): Illuminate/Foundation/Http/Middleware/TrimStrings->handle(Object(Illuminate/Http/Request), Object(Closure))
#46 D:/PROJECT WORK/WonNyaciRun/vendor/laravel/framework/src/Illuminate/Http/Middleware/ValidatePostSize.php(27): Illuminate/Pipeline/Pipeline->Illuminate/Pipeline/{closure}(Object(Illuminate/Http/Request))
#47 D:/PROJECT WORK/WonNyaciRun/vendor/laravel/framework/src/Illuminate/Pipeline/Pipeline.php(219): Illuminate/Http/Middleware/ValidatePostSize->handle(Object(Illuminate/Http/Request), Object(Closure))
#48 D:/PROJECT WORK/WonNyaciRun/vendor/laravel/framework/src/Illuminate/Foundation/Http/Middleware/PreventRequestsDuringMaintenance.php(109): Illuminate/Pipeline/Pipeline->Illuminate/Pipeline/{closure}(Object(Illuminate/Http/Request))
#49 D:/PROJECT WORK/WonNyaciRun/vendor/laravel/framework/src/Illuminate/Pipeline/Pipeline.php(219): Illuminate/Foundation/Http/Middleware/PreventRequestsDuringMaintenance->handle(Object(Illuminate/Http/Request), Object(Closure))
#50 D:/PROJECT WORK/WonNyaciRun/vendor/laravel/framework/src/Illuminate/Http/Middleware/HandleCors.php(61): Illuminate/Pipeline/Pipeline->Illuminate/Pipeline/{closure}(Object(Illuminate/Http/Request))
#51 D:/PROJECT WORK/WonNyaciRun/vendor/laravel/framework/src/Illuminate/Pipeline/Pipeline.php(219): Illuminate/Http/Middleware/HandleCors->handle(Object(Illuminate/Http/Request), Object(Closure))
#52 D:/PROJECT WORK/WonNyaciRun/vendor/laravel/framework/src/Illuminate/Http/Middleware/TrustProxies.php(58): Illuminate/Pipeline/Pipeline->Illuminate/Pipeline/{closure}(Object(Illuminate/Http/Request))
#53 D:/PROJECT WORK/WonNyaciRun/vendor/laravel/framework/src/Illuminate/Pipeline/Pipeline.php(219): Illuminate/Http/Middleware/TrustProxies->handle(Object(Illuminate/Http/Request), Object(Closure))
#54 D:/PROJECT WORK/WonNyaciRun/vendor/laravel/framework/src/Illuminate/Foundation/Http/Middleware/InvokeDeferredCallbacks.php(22): Illuminate/Pipeline/Pipeline->Illuminate/Pipeline/{closure}(Object(Illuminate/Http/Request))
#55 D:/PROJECT WORK/WonNyaciRun/vendor/laravel/framework/src/Illuminate/Pipeline/Pipeline.php(219): Illuminate/Foundation/Http/Middleware/InvokeDeferredCallbacks->handle(Object(Illuminate/Http/Request), Object(Closure))
#56 D:/PROJECT WORK/WonNyaciRun/vendor/laravel/framework/src/Illuminate/Http/Middleware/ValidatePathEncoding.php(26): Illuminate/Pipeline/Pipeline->Illuminate/Pipeline/{closure}(Object(Illuminate/Http/Request))
#57 D:/PROJECT WORK/WonNyaciRun/vendor/laravel/framework/src/Illuminate/Pipeline/Pipeline.php(219): Illuminate/Http/Middleware/ValidatePathEncoding->handle(Object(Illuminate/Http/Request), Object(Closure))
#58 D:/PROJECT WORK/WonNyaciRun/vendor/laravel/framework/src/Illuminate/Pipeline/Pipeline.php(137): Illuminate/Pipeline/Pipeline->Illuminate/Pipeline/{closure}(Object(Illuminate/Http/Request))
#59 D:/PROJECT WORK/WonNyaciRun/vendor/laravel/framework/src/Illuminate/Foundation/Http/Kernel.php(175): Illuminate/Pipeline/Pipeline->then(Object(Closure))
#60 D:/PROJECT WORK/WonNyaciRun/vendor/laravel/framework/src/Illuminate/Foundation/Http/Kernel.php(144): Illuminate/Foundation/Http/Kernel->sendRequestThroughRouter(Object(Illuminate/Http/Request))
#61 D:/PROJECT WORK/WonNyaciRun/vendor/laravel/framework/src/Illuminate/Foundation/Application.php(1220): Illuminate/Foundation/Http/Kernel->handle(Object(Illuminate/Http/Request))
#62 D:/PROJECT WORK/WonNyaciRun/public/index.php(7): Illuminate/Foundation/Application->handleRequest(Object(Illuminate/Http/Request))
#63 D:/PROJECT WORK/WonNyaciRun/vendor/laravel/framework/src/Illuminate/Foundation/resources/server.php(23): require_once('D://PROJECT WORK...')
#64 {main}
"} 
[2026-09-14 10:47:13] local.ERROR: Vite manifest not found at: D:\PROJECT WORK\WonNyaciRun\public\build/manifest.json (View: D:\PROJECT WORK\WonNyaciRun\resources\views\app.blade.php) {"exception":"[object] (Illuminate\\View\\ViewException(code: 0): Vite manifest not found at: D:\\PROJECT WORK\\WonNyaciRun\\public\\build/manifest.json (View: D:\\PROJECT WORK\\WonNyaciRun\\resources\\views\\app.blade.php) at D:/PROJECT WORK/WonNyaciRun/vendor/laravel/framework/src/Illuminate/Foundation/Vite.php:946)
[stacktrace]
#0 D:/PROJECT WORK/WonNyaciRun/vendor/laravel/framework/src/Illuminate/View/Engines/PhpEngine.php(59): Illuminate/View/Engines/CompilerEngine->handleViewException(Object(Illuminate/Foundation/ViteManifestNotFoundException), 1)
#1 D:/PROJECT WORK/WonNyaciRun/vendor/laravel/framework/src/Illuminate/View/Engines/CompilerEngine.php(76): Illuminate/View/Engines/PhpEngine->evaluatePath('D://PROJECT WORK...', Array)
#2 D:/PROJECT WORK/WonNyaciRun/vendor/laravel/framework/src/Illuminate/View/View.php(208): Illuminate/View/Engines/CompilerEngine->get('D://PROJECT WORK...', Array)
#3 D:/PROJECT WORK/WonNyaciRun/vendor/laravel/framework/src/Illuminate/View/View.php(191): Illuminate/View/View->getContents()
#4 D:/PROJECT WORK/WonNyaciRun/vendor/laravel/framework/src/Illuminate/View/View.php(160): Illuminate/View/View->renderContents()
#5 D:/PROJECT WORK/WonNyaciRun/vendor/laravel/framework/src/Illuminate/Http/Response.php(78): Illuminate/View/View->render()
#6 D:/PROJECT WORK/WonNyaciRun/vendor/laravel/framework/src/Illuminate/Http/Response.php(34): Illuminate/Http/Response->setContent(Object(Illuminate/View/View))
#7 D:/PROJECT WORK/WonNyaciRun/vendor/laravel/framework/src/Illuminate/Routing/ResponseFactory.php(61): Illuminate/Http/Response->__construct(Object(Illuminate/View/View), 200, Array)
#8 D:/PROJECT WORK/WonNyaciRun/vendor/laravel/framework/src/Illuminate/Routing/ResponseFactory.php(91): Illuminate/Routing/ResponseFactory->make(Object(Illuminate/View/View), 200, Array)
#9 D:/PROJECT WORK/WonNyaciRun/vendor/laravel/framework/src/Illuminate/Routing/ViewController.php(40): Illuminate/Routing/ResponseFactory->view('app', Array, 200, Array)
#10 D:/PROJECT WORK/WonNyaciRun/vendor/laravel/framework/src/Illuminate/Routing/ViewController.php(57): Illuminate/Routing/ViewController->__invoke(view: 'app', data: Array, status: 200, headers: Array)
#11 D:/PROJECT WORK/WonNyaciRun/vendor/laravel/framework/src/Illuminate/Routing/ControllerDispatcher.php(43): Illuminate/Routing/ViewController->callAction('__invoke', Array)
#12 D:/PROJECT WORK/WonNyaciRun/vendor/laravel/framework/src/Illuminate/Routing/Route.php(265): Illuminate/Routing/ControllerDispatcher->dispatch(Object(Illuminate/Routing/Route), Object(Illuminate/Routing/ViewController), '__invoke')
#13 D:/PROJECT WORK/WonNyaciRun/vendor/laravel/framework/src/Illuminate/Routing/Route.php(211): Illuminate/Routing/Route->runController()
#14 D:/PROJECT WORK/WonNyaciRun/vendor/laravel/framework/src/Illuminate/Routing/Router.php(822): Illuminate/Routing/Route->run()
#15 D:/PROJECT WORK/WonNyaciRun/vendor/laravel/framework/src/Illuminate/Pipeline/Pipeline.php(180): Illuminate/Routing/Router->Illuminate/Routing/{closure}(Object(Illuminate/Http/Request))
#16 D:/PROJECT WORK/WonNyaciRun/vendor/laravel/framework/src/Illuminate/Routing/Middleware/SubstituteBindings.php(50): Illuminate/Pipeline/Pipeline->Illuminate/Pipeline/{closure}(Object(Illuminate/Http/Request))
#17 D:/PROJECT WORK/WonNyaciRun/vendor/laravel/framework/src/Illuminate/Pipeline/Pipeline.php(219): Illuminate/Routing/Middleware/SubstituteBindings->handle(Object(Illuminate/Http/Request), Object(Closure))
#18 D:/PROJECT WORK/WonNyaciRun/vendor/laravel/framework/src/Illuminate/Foundation/Http/Middleware/VerifyCsrfToken.php(87): Illuminate/Pipeline/Pipeline->Illuminate/Pipeline/{closure}(Object(Illuminate/Http/Request))
#19 D:/PROJECT WORK/WonNyaciRun/vendor/laravel/framework/src/Illuminate/Pipeline/Pipeline.php(219): Illuminate/Foundation/Http/Middleware/VerifyCsrfToken->handle(Object(Illuminate/Http/Request), Object(Closure))
#20 D:/PROJECT WORK/WonNyaciRun/vendor/laravel/framework/src/Illuminate/View/Middleware/ShareErrorsFromSession.php(48): Illuminate/Pipeline/Pipeline->Illuminate/Pipeline/{closure}(Object(Illuminate/Http/Request))
#21 D:/PROJECT WORK/WonNyaciRun/vendor/laravel/framework/src/Illuminate/Pipeline/Pipeline.php(219): Illuminate/View/Middleware/ShareErrorsFromSession->handle(Object(Illuminate/Http/Request), Object(Closure))
#22 D:/PROJECT WORK/WonNyaciRun/vendor/laravel/framework/src/Illuminate/Session/Middleware/StartSession.php(120): Illuminate/Pipeline/Pipeline->Illuminate/Pipeline/{closure}(Object(Illuminate/Http/Request))
#23 D:/PROJECT WORK/WonNyaciRun/vendor/laravel/framework/src/Illuminate/Session/Middleware/StartSession.php(63): Illuminate/Session/Middleware/StartSession->handleStatefulRequest(Object(Illuminate/Http/Request), Object(Illuminate/Session/Store), Object(Closure))
#24 D:/PROJECT WORK/WonNyaciRun/vendor/laravel/framework/src/Illuminate/Pipeline/Pipeline.php(219): Illuminate/Session/Middleware/StartSession->handle(Object(Illuminate/Http/Request), Object(Closure))
#25 D:/PROJECT WORK/WonNyaciRun/vendor/laravel/framework/src/Illuminate/Cookie/Middleware/AddQueuedCookiesToResponse.php(36): Illuminate/Pipeline/Pipeline->Illuminate/Pipeline/{closure}(Object(Illuminate/Http/Request))
#26 D:/PROJECT WORK/WonNyaciRun/vendor/laravel/framework/src/Illuminate/Pipeline/Pipeline.php(219): Illuminate/Cookie/Middleware/AddQueuedCookiesToResponse->handle(Object(Illuminate/Http/Request), Object(Closure))
#27 D:/PROJECT WORK/WonNyaciRun/vendor/laravel/framework/src/Illuminate/Cookie/Middleware/EncryptCookies.php(74): Illuminate/Pipeline/Pipeline->Illuminate/Pipeline/{closure}(Object(Illuminate/Http/Request))
#28 D:/PROJECT WORK/WonNyaciRun/vendor/laravel/framework/src/Illuminate/Pipeline/Pipeline.php(219): Illuminate/Cookie/Middleware/EncryptCookies->handle(Object(Illuminate/Http/Request), Object(Closure))
#29 D:/PROJECT WORK/WonNyaciRun/vendor/laravel/framework/src/Illuminate/Pipeline/Pipeline.php(137): Illuminate/Pipeline/Pipeline->Illuminate/Pipeline/{closure}(Object(Illuminate/Http/Request))
#30 D:/PROJECT WORK/WonNyaciRun/vendor/laravel/framework/src/Illuminate/Routing/Router.php(821): Illuminate/Pipeline/Pipeline->then(Object(Closure))
#31 D:/PROJECT WORK/WonNyaciRun/vendor/laravel/framework/src/Illuminate/Routing/Router.php(800): Illuminate/Routing/Router->runRouteWithinStack(Object(Illuminate/Routing/Route), Object(Illuminate/Http/Request))
#32 D:/PROJECT WORK/WonNyaciRun/vendor/laravel/framework/src/Illuminate/Routing/Router.php(764): Illuminate/Routing/Router->runRoute(Object(Illuminate/Http/Request), Object(Illuminate/Routing/Route))
#33 D:/PROJECT WORK/WonNyaciRun/vendor/laravel/framework/src/Illuminate/Routing/Router.php(753): Illuminate/Routing/Router->dispatchToRoute(Object(Illuminate/Http/Request))
#34 D:/PROJECT WORK/WonNyaciRun/vendor/laravel/framework/src/Illuminate/Foundation/Http/Kernel.php(200): Illuminate/Routing/Router->dispatch(Object(Illuminate/Http/Request))
#35 D:/PROJECT WORK/WonNyaciRun/vendor/laravel/framework/src/Illuminate/Pipeline/Pipeline.php(180): Illuminate/Foundation/Http/Kernel->Illuminate/Foundation/Http/{closure}(Object(Illuminate/Http/Request))
#36 D:/PROJECT WORK/WonNyaciRun/vendor/laravel/framework/src/Illuminate/Foundation/Http/Middleware/TransformsRequest.php(21): Illuminate/Pipeline/Pipeline->Illuminate/Pipeline/{closure}(Object(Illuminate/Http/Request))
#37 D:/PROJECT WORK/WonNyaciRun/vendor/laravel/framework/src/Illuminate/Foundation/Http/Middleware/ConvertEmptyStringsToNull.php(31): Illuminate/Foundation/Http/Middleware/TransformsRequest->handle(Object(Illuminate/Http/Request), Object(Closure))
#38 D:/PROJECT WORK/WonNyaciRun/vendor/laravel/framework/src/Illuminate/Pipeline/Pipeline.php(219): Illuminate/Foundation/Http/Middleware/ConvertEmptyStringsToNull->handle(Object(Illuminate/Http/Request), Object(Closure))
#39 D:/PROJECT WORK/WonNyaciRun/vendor/laravel/framework/src/Illuminate/Foundation/Http/Middleware/TransformsRequest.php(21): Illuminate/Pipeline/Pipeline->Illuminate/Pipeline/{closure}(Object(Illuminate/Http/Request))
#40 D:/PROJECT WORK/WonNyaciRun/vendor/laravel/framework/src/Illuminate/Foundation/Http/Middleware/TrimStrings.php(51): Illuminate/Foundation/Http/Middleware/TransformsRequest->handle(Object(Illuminate/Http/Request), Object(Closure))
#41 D:/PROJECT WORK/WonNyaciRun/vendor/laravel/framework/src/Illuminate/Pipeline/Pipeline.php(219): Illuminate/Foundation/Http/Middleware/TrimStrings->handle(Object(Illuminate/Http/Request), Object(Closure))
#42 D:/PROJECT WORK/WonNyaciRun/vendor/laravel/framework/src/Illuminate/Http/Middleware/ValidatePostSize.php(27): Illuminate/Pipeline/Pipeline->Illuminate/Pipeline/{closure}(Object(Illuminate/Http/Request))
#43 D:/PROJECT WORK/WonNyaciRun/vendor/laravel/framework/src/Illuminate/Pipeline/Pipeline.php(219): Illuminate/Http/Middleware/ValidatePostSize->handle(Object(Illuminate/Http/Request), Object(Closure))
#44 D:/PROJECT WORK/WonNyaciRun/vendor/laravel/framework/src/Illuminate/Foundation/Http/Middleware/PreventRequestsDuringMaintenance.php(109): Illuminate/Pipeline/Pipeline->Illuminate/Pipeline/{closure}(Object(Illuminate/Http/Request))
#45 D:/PROJECT WORK/WonNyaciRun/vendor/laravel/framework/src/Illuminate/Pipeline/Pipeline.php(219): Illuminate/Foundation/Http/Middleware/PreventRequestsDuringMaintenance->handle(Object(Illuminate/Http/Request), Object(Closure))
#46 D:/PROJECT WORK/WonNyaciRun/vendor/laravel/framework/src/Illuminate/Http/Middleware/HandleCors.php(61): Illuminate/Pipeline/Pipeline->Illuminate/Pipeline/{closure}(Object(Illuminate/Http/Request))
#47 D:/PROJECT WORK/WonNyaciRun/vendor/laravel/framework/src/Illuminate/Pipeline/Pipeline.php(219): Illuminate/Http/Middleware/HandleCors->handle(Object(Illuminate/Http/Request), Object(Closure))
#48 D:/PROJECT WORK/WonNyaciRun/vendor/laravel/framework/src/Illuminate/Http/Middleware/TrustProxies.php(58): Illuminate/Pipeline/Pipeline->Illuminate/Pipeline/{closure}(Object(Illuminate/Http/Request))
#49 D:/PROJECT WORK/WonNyaciRun/vendor/laravel/framework/src/Illuminate/Pipeline/Pipeline.php(219): Illuminate/Http/Middleware/TrustProxies->handle(Object(Illuminate/Http/Request), Object(Closure))
#50 D:/PROJECT WORK/WonNyaciRun/vendor/laravel/framework/src/Illuminate/Foundation/Http/Middleware/InvokeDeferredCallbacks.php(22): Illuminate/Pipeline/Pipeline->Illuminate/Pipeline/{closure}(Object(Illuminate/Http/Request))
#51 D:/PROJECT WORK/WonNyaciRun/vendor/laravel/framework/src/Illuminate/Pipeline/Pipeline.php(219): Illuminate/Foundation/Http/Middleware/InvokeDeferredCallbacks->handle(Object(Illuminate/Http/Request), Object(Closure))
#52 D:/PROJECT WORK/WonNyaciRun/vendor/laravel/framework/src/Illuminate/Http/Middleware/ValidatePathEncoding.php(26): Illuminate/Pipeline/Pipeline->Illuminate/Pipeline/{closure}(Object(Illuminate/Http/Request))
#53 D:/PROJECT WORK/WonNyaciRun/vendor/laravel/framework/src/Illuminate/Pipeline/Pipeline.php(219): Illuminate/Http/Middleware/ValidatePathEncoding->handle(Object(Illuminate/Http/Request), Object(Closure))
#54 D:/PROJECT WORK/WonNyaciRun/vendor/laravel/framework/src/Illuminate/Pipeline/Pipeline.php(137): Illuminate/Pipeline/Pipeline->Illuminate/Pipeline/{closure}(Object(Illuminate/Http/Request))
#55 D:/PROJECT WORK/WonNyaciRun/vendor/laravel/framework/src/Illuminate/Foundation/Http/Kernel.php(175): Illuminate/Pipeline/Pipeline->then(Object(Closure))
#56 D:/PROJECT WORK/WonNyaciRun/vendor/laravel/framework/src/Illuminate/Foundation/Http/Kernel.php(144): Illuminate/Foundation/Http/Kernel->sendRequestThroughRouter(Object(Illuminate/Http/Request))
#57 D:/PROJECT WORK/WonNyaciRun/vendor/laravel/framework/src/Illuminate/Foundation/Application.php(1220): Illuminate/Foundation/Http/Kernel->handle(Object(Illuminate/Http/Request))
#58 D:/PROJECT WORK/WonNyaciRun/public/index.php(7): Illuminate/Foundation/Application->handleRequest(Object(Illuminate/Http/Request))
#59 D:/PROJECT WORK/WonNyaciRun/vendor/laravel/framework/src/Illuminate/Foundation/resources/server.php(23): require_once('D://PROJECT WORK...')
#60 {main}

[previous exception] [object] (Illuminate\\Foundation\\ViteManifestNotFoundException(code: 0): Vite manifest not found at: D:\\PROJECT WORK\\WonNyaciRun\\public\\build/manifest.json at D:/PROJECT WORK/WonNyaciRun/vendor/laravel/framework/src/Illuminate/Foundation/Vite.php:946)
[stacktrace]
#0 D:/PROJECT WORK/WonNyaciRun/vendor/laravel/framework/src/Illuminate/Foundation/Vite.php(384): Illuminate/Foundation/Vite->manifest('build')
#1 D:/PROJECT WORK/WonNyaciRun/storage/framework/views/75de090d7c096a23f1e65c36ac4275fa.php(8): Illuminate/Foundation/Vite->__invoke(Object(Illuminate/Support/Collection))
#2 D:/PROJECT WORK/WonNyaciRun/vendor/laravel/framework/src/Illuminate/Filesystem/Filesystem.php(123): require('D://PROJECT WORK...')
#3 D:/PROJECT WORK/WonNyaciRun/vendor/laravel/framework/src/Illuminate/Filesystem/Filesystem.php(124): Illuminate/Filesystem/Filesystem::Illuminate/Filesystem/{closure}()
#4 D:/PROJECT WORK/WonNyaciRun/vendor/laravel/framework/src/Illuminate/View/Engines/PhpEngine.php(57): Illuminate/Filesystem/Filesystem->getRequire('D://PROJECT WORK...', Array)
#5 D:/PROJECT WORK/WonNyaciRun/vendor/laravel/framework/src/Illuminate/View/Engines/CompilerEngine.php(76): Illuminate/View/Engines/PhpEngine->evaluatePath('D://PROJECT WORK...', Array)
#6 D:/PROJECT WORK/WonNyaciRun/vendor/laravel/framework/src/Illuminate/View/View.php(208): Illuminate/View/Engines/CompilerEngine->get('D://PROJECT WORK...', Array)
#7 D:/PROJECT WORK/WonNyaciRun/vendor/laravel/framework/src/Illuminate/View/View.php(191): Illuminate/View/View->getContents()
#8 D:/PROJECT WORK/WonNyaciRun/vendor/laravel/framework/src/Illuminate/View/View.php(160): Illuminate/View/View->renderContents()
#9 D:/PROJECT WORK/WonNyaciRun/vendor/laravel/framework/src/Illuminate/Http/Response.php(78): Illuminate/View/View->render()
#10 D:/PROJECT WORK/WonNyaciRun/vendor/laravel/framework/src/Illuminate/Http/Response.php(34): Illuminate/Http/Response->setContent(Object(Illuminate/View/View))
#11 D:/PROJECT WORK/WonNyaciRun/vendor/laravel/framework/src/Illuminate/Routing/ResponseFactory.php(61): Illuminate/Http/Response->__construct(Object(Illuminate/View/View), 200, Array)
#12 D:/PROJECT WORK/WonNyaciRun/vendor/laravel/framework/src/Illuminate/Routing/ResponseFactory.php(91): Illuminate/Routing/ResponseFactory->make(Object(Illuminate/View/View), 200, Array)
#13 D:/PROJECT WORK/WonNyaciRun/vendor/laravel/framework/src/Illuminate/Routing/ViewController.php(40): Illuminate/Routing/ResponseFactory->view('app', Array, 200, Array)
#14 D:/PROJECT WORK/WonNyaciRun/vendor/laravel/framework/src/Illuminate/Routing/ViewController.php(57): Illuminate/Routing/ViewController->__invoke(view: 'app', data: Array, status: 200, headers: Array)
#15 D:/PROJECT WORK/WonNyaciRun/vendor/laravel/framework/src/Illuminate/Routing/ControllerDispatcher.php(43): Illuminate/Routing/ViewController->callAction('__invoke', Array)
#16 D:/PROJECT WORK/WonNyaciRun/vendor/laravel/framework/src/Illuminate/Routing/Route.php(265): Illuminate/Routing/ControllerDispatcher->dispatch(Object(Illuminate/Routing/Route), Object(Illuminate/Routing/ViewController), '__invoke')
#17 D:/PROJECT WORK/WonNyaciRun/vendor/laravel/framework/src/Illuminate/Routing/Route.php(211): Illuminate/Routing/Route->runController()
#18 D:/PROJECT WORK/WonNyaciRun/vendor/laravel/framework/src/Illuminate/Routing/Router.php(822): Illuminate/Routing/Route->run()
#19 D:/PROJECT WORK/WonNyaciRun/vendor/laravel/framework/src/Illuminate/Pipeline/Pipeline.php(180): Illuminate/Routing/Router->Illuminate/Routing/{closure}(Object(Illuminate/Http/Request))
#20 D:/PROJECT WORK/WonNyaciRun/vendor/laravel/framework/src/Illuminate/Routing/Middleware/SubstituteBindings.php(50): Illuminate/Pipeline/Pipeline->Illuminate/Pipeline/{closure}(Object(Illuminate/Http/Request))
#21 D:/PROJECT WORK/WonNyaciRun/vendor/laravel/framework/src/Illuminate/Pipeline/Pipeline.php(219): Illuminate/Routing/Middleware/SubstituteBindings->handle(Object(Illuminate/Http/Request), Object(Closure))
#22 D:/PROJECT WORK/WonNyaciRun/vendor/laravel/framework/src/Illuminate/Foundation/Http/Middleware/VerifyCsrfToken.php(87): Illuminate/Pipeline/Pipeline->Illuminate/Pipeline/{closure}(Object(Illuminate/Http/Request))
#23 D:/PROJECT WORK/WonNyaciRun/vendor/laravel/framework/src/Illuminate/Pipeline/Pipeline.php(219): Illuminate/Foundation/Http/Middleware/VerifyCsrfToken->handle(Object(Illuminate/Http/Request), Object(Closure))
#24 D:/PROJECT WORK/WonNyaciRun/vendor/laravel/framework/src/Illuminate/View/Middleware/ShareErrorsFromSession.php(48): Illuminate/Pipeline/Pipeline->Illuminate/Pipeline/{closure}(Object(Illuminate/Http/Request))
#25 D:/PROJECT WORK/WonNyaciRun/vendor/laravel/framework/src/Illuminate/Pipeline/Pipeline.php(219): Illuminate/View/Middleware/ShareErrorsFromSession->handle(Object(Illuminate/Http/Request), Object(Closure))
#26 D:/PROJECT WORK/WonNyaciRun/vendor/laravel/framework/src/Illuminate/Session/Middleware/StartSession.php(120): Illuminate/Pipeline/Pipeline->Illuminate/Pipeline/{closure}(Object(Illuminate/Http/Request))
#27 D:/PROJECT WORK/WonNyaciRun/vendor/laravel/framework/src/Illuminate/Session/Middleware/StartSession.php(63): Illuminate/Session/Middleware/StartSession->handleStatefulRequest(Object(Illuminate/Http/Request), Object(Illuminate/Session/Store), Object(Closure))
#28 D:/PROJECT WORK/WonNyaciRun/vendor/laravel/framework/src/Illuminate/Pipeline/Pipeline.php(219): Illuminate/Session/Middleware/StartSession->handle(Object(Illuminate/Http/Request), Object(Closure))
#29 D:/PROJECT WORK/WonNyaciRun/vendor/laravel/framework/src/Illuminate/Cookie/Middleware/AddQueuedCookiesToResponse.php(36): Illuminate/Pipeline/Pipeline->Illuminate/Pipeline/{closure}(Object(Illuminate/Http/Request))
#30 D:/PROJECT WORK/WonNyaciRun/vendor/laravel/framework/src/Illuminate/Pipeline/Pipeline.php(219): Illuminate/Cookie/Middleware/AddQueuedCookiesToResponse->handle(Object(Illuminate/Http/Request), Object(Closure))
#31 D:/PROJECT WORK/WonNyaciRun/vendor/laravel/framework/src/Illuminate/Cookie/Middleware/EncryptCookies.php(74): Illuminate/Pipeline/Pipeline->Illuminate/Pipeline/{closure}(Object(Illuminate/Http/Request))
#32 D:/PROJECT WORK/WonNyaciRun/vendor/laravel/framework/src/Illuminate/Pipeline/Pipeline.php(219): Illuminate/Cookie/Middleware/EncryptCookies->handle(Object(Illuminate/Http/Request), Object(Closure))
#33 D:/PROJECT WORK/WonNyaciRun/vendor/laravel/framework/src/Illuminate/Pipeline/Pipeline.php(137): Illuminate/Pipeline/Pipeline->Illuminate/Pipeline/{closure}(Object(Illuminate/Http/Request))
#34 D:/PROJECT WORK/WonNyaciRun/vendor/laravel/framework/src/Illuminate/Routing/Router.php(821): Illuminate/Pipeline/Pipeline->then(Object(Closure))
#35 D:/PROJECT WORK/WonNyaciRun/vendor/laravel/framework/src/Illuminate/Routing/Router.php(800): Illuminate/Routing/Router->runRouteWithinStack(Object(Illuminate/Routing/Route), Object(Illuminate/Http/Request))
#36 D:/PROJECT WORK/WonNyaciRun/vendor/laravel/framework/src/Illuminate/Routing/Router.php(764): Illuminate/Routing/Router->runRoute(Object(Illuminate/Http/Request), Object(Illuminate/Routing/Route))
#37 D:/PROJECT WORK/WonNyaciRun/vendor/laravel/framework/src/Illuminate/Routing/Router.php(753): Illuminate/Routing/Router->dispatchToRoute(Object(Illuminate/Http/Request))
#38 D:/PROJECT WORK/WonNyaciRun/vendor/laravel/framework/src/Illuminate/Foundation/Http/Kernel.php(200): Illuminate/Routing/Router->dispatch(Object(Illuminate/Http/Request))
#39 D:/PROJECT WORK/WonNyaciRun/vendor/laravel/framework/src/Illuminate/Pipeline/Pipeline.php(180): Illuminate/Foundation/Http/Kernel->Illuminate/Foundation/Http/{closure}(Object(Illuminate/Http/Request))
#40 D:/PROJECT WORK/WonNyaciRun/vendor/laravel/framework/src/Illuminate/Foundation/Http/Middleware/TransformsRequest.php(21): Illuminate/Pipeline/Pipeline->Illuminate/Pipeline/{closure}(Object(Illuminate/Http/Request))
#41 D:/PROJECT WORK/WonNyaciRun/vendor/laravel/framework/src/Illuminate/Foundation/Http/Middleware/ConvertEmptyStringsToNull.php(31): Illuminate/Foundation/Http/Middleware/TransformsRequest->handle(Object(Illuminate/Http/Request), Object(Closure))
#42 D:/PROJECT WORK/WonNyaciRun/vendor/laravel/framework/src/Illuminate/Pipeline/Pipeline.php(219): Illuminate/Foundation/Http/Middleware/ConvertEmptyStringsToNull->handle(Object(Illuminate/Http/Request), Object(Closure))
#43 D:/PROJECT WORK/WonNyaciRun/vendor/laravel/framework/src/Illuminate/Foundation/Http/Middleware/TransformsRequest.php(21): Illuminate/Pipeline/Pipeline->Illuminate/Pipeline/{closure}(Object(Illuminate/Http/Request))
#44 D:/PROJECT WORK/WonNyaciRun/vendor/laravel/framework/src/Illuminate/Foundation/Http/Middleware/TrimStrings.php(51): Illuminate/Foundation/Http/Middleware/TransformsRequest->handle(Object(Illuminate/Http/Request), Object(Closure))
#45 D:/PROJECT WORK/WonNyaciRun/vendor/laravel/framework/src/Illuminate/Pipeline/Pipeline.php(219): Illuminate/Foundation/Http/Middleware/TrimStrings->handle(Object(Illuminate/Http/Request), Object(Closure))
#46 D:/PROJECT WORK/WonNyaciRun/vendor/laravel/framework/src/Illuminate/Http/Middleware/ValidatePostSize.php(27): Illuminate/Pipeline/Pipeline->Illuminate/Pipeline/{closure}(Object(Illuminate/Http/Request))
#47 D:/PROJECT WORK/WonNyaciRun/vendor/laravel/framework/src/Illuminate/Pipeline/Pipeline.php(219): Illuminate/Http/Middleware/ValidatePostSize->handle(Object(Illuminate/Http/Request), Object(Closure))
#48 D:/PROJECT WORK/WonNyaciRun/vendor/laravel/framework/src/Illuminate/Foundation/Http/Middleware/PreventRequestsDuringMaintenance.php(109): Illuminate/Pipeline/Pipeline->Illuminate/Pipeline/{closure}(Object(Illuminate/Http/Request))
#49 D:/PROJECT WORK/WonNyaciRun/vendor/laravel/framework/src/Illuminate/Pipeline/Pipeline.php(219): Illuminate/Foundation/Http/Middleware/PreventRequestsDuringMaintenance->handle(Object(Illuminate/Http/Request), Object(Closure))
#50 D:/PROJECT WORK/WonNyaciRun/vendor/laravel/framework/src/Illuminate/Http/Middleware/HandleCors.php(61): Illuminate/Pipeline/Pipeline->Illuminate/Pipeline/{closure}(Object(Illuminate/Http/Request))
#51 D:/PROJECT WORK/WonNyaciRun/vendor/laravel/framework/src/Illuminate/Pipeline/Pipeline.php(219): Illuminate/Http/Middleware/HandleCors->handle(Object(Illuminate/Http/Request), Object(Closure))
#52 D:/PROJECT WORK/WonNyaciRun/vendor/laravel/framework/src/Illuminate/Http/Middleware/TrustProxies.php(58): Illuminate/Pipeline/Pipeline->Illuminate/Pipeline/{closure}(Object(Illuminate/Http/Request))
#53 D:/PROJECT WORK/WonNyaciRun/vendor/laravel/framework/src/Illuminate/Pipeline/Pipeline.php(219): Illuminate/Http/Middleware/TrustProxies->handle(Object(Illuminate/Http/Request), Object(Closure))
#54 D:/PROJECT WORK/WonNyaciRun/vendor/laravel/framework/src/Illuminate/Foundation/Http/Middleware/InvokeDeferredCallbacks.php(22): Illuminate/Pipeline/Pipeline->Illuminate/Pipeline/{closure}(Object(Illuminate/Http/Request))
#55 D:/PROJECT WORK/WonNyaciRun/vendor/laravel/framework/src/Illuminate/Pipeline/Pipeline.php(219): Illuminate/Foundation/Http/Middleware/InvokeDeferredCallbacks->handle(Object(Illuminate/Http/Request), Object(Closure))
#56 D:/PROJECT WORK/WonNyaciRun/vendor/laravel/framework/src/Illuminate/Http/Middleware/ValidatePathEncoding.php(26): Illuminate/Pipeline/Pipeline->Illuminate/Pipeline/{closure}(Object(Illuminate/Http/Request))
#57 D:/PROJECT WORK/WonNyaciRun/vendor/laravel/framework/src/Illuminate/Pipeline/Pipeline.php(219): Illuminate/Http/Middleware/ValidatePathEncoding->handle(Object(Illuminate/Http/Request), Object(Closure))
#58 D:/PROJECT WORK/WonNyaciRun/vendor/laravel/framework/src/Illuminate/Pipeline/Pipeline.php(137): Illuminate/Pipeline/Pipeline->Illuminate/Pipeline/{closure}(Object(Illuminate/Http/Request))
#59 D:/PROJECT WORK/WonNyaciRun/vendor/laravel/framework/src/Illuminate/Foundation/Http/Kernel.php(175): Illuminate/Pipeline/Pipeline->then(Object(Closure))
#60 D:/PROJECT WORK/WonNyaciRun/vendor/laravel/framework/src/Illuminate/Foundation/Http/Kernel.php(144): Illuminate/Foundation/Http/Kernel->sendRequestThroughRouter(Object(Illuminate/Http/Request))
#61 D:/PROJECT WORK/WonNyaciRun/vendor/laravel/framework/src/Illuminate/Foundation/Application.php(1220): Illuminate/Foundation/Http/Kernel->handle(Object(Illuminate/Http/Request))
#62 D:/PROJECT WORK/WonNyaciRun/public/index.php(7): Illuminate/Foundation/Application->handleRequest(Object(Illuminate/Http/Request))
#63 D:/PROJECT WORK/WonNyaciRun/vendor/laravel/framework/src/Illuminate/Foundation/resources/server.php(23): require_once('D://PROJECT WORK...')
#64 {main}
"} 
[2026-09-14 10:47:46] local.ERROR: Vite manifest not found at: D:\PROJECT WORK\WonNyaciRun\public\build/manifest.json (View: D:\PROJECT WORK\WonNyaciRun\resources\views\app.blade.php) {"exception":"[object] (Illuminate\\View\\ViewException(code: 0): Vite manifest not found at: D:\\PROJECT WORK\\WonNyaciRun\\public\\build/manifest.json (View: D:\\PROJECT WORK\\WonNyaciRun\\resources\\views\\app.blade.php) at D:/PROJECT WORK/WonNyaciRun/vendor/laravel/framework/src/Illuminate/Foundation/Vite.php:946)
[stacktrace]
#0 D:/PROJECT WORK/WonNyaciRun/vendor/laravel/framework/src/Illuminate/View/Engines/PhpEngine.php(59): Illuminate/View/Engines/CompilerEngine->handleViewException(Object(Illuminate/Foundation/ViteManifestNotFoundException), 1)
#1 D:/PROJECT WORK/WonNyaciRun/vendor/laravel/framework/src/Illuminate/View/Engines/CompilerEngine.php(76): Illuminate/View/Engines/PhpEngine->evaluatePath('D://PROJECT WORK...', Array)
#2 D:/PROJECT WORK/WonNyaciRun/vendor/laravel/framework/src/Illuminate/View/View.php(208): Illuminate/View/Engines/CompilerEngine->get('D://PROJECT WORK...', Array)
#3 D:/PROJECT WORK/WonNyaciRun/vendor/laravel/framework/src/Illuminate/View/View.php(191): Illuminate/View/View->getContents()
#4 D:/PROJECT WORK/WonNyaciRun/vendor/laravel/framework/src/Illuminate/View/View.php(160): Illuminate/View/View->renderContents()
#5 D:/PROJECT WORK/WonNyaciRun/vendor/laravel/framework/src/Illuminate/Http/Response.php(78): Illuminate/View/View->render()
#6 D:/PROJECT WORK/WonNyaciRun/vendor/laravel/framework/src/Illuminate/Http/Response.php(34): Illuminate/Http/Response->setContent(Object(Illuminate/View/View))
#7 D:/PROJECT WORK/WonNyaciRun/vendor/laravel/framework/src/Illuminate/Routing/ResponseFactory.php(61): Illuminate/Http/Response->__construct(Object(Illuminate/View/View), 200, Array)
#8 D:/PROJECT WORK/WonNyaciRun/vendor/laravel/framework/src/Illuminate/Routing/ResponseFactory.php(91): Illuminate/Routing/ResponseFactory->make(Object(Illuminate/View/View), 200, Array)
#9 D:/PROJECT WORK/WonNyaciRun/vendor/laravel/framework/src/Illuminate/Routing/ViewController.php(40): Illuminate/Routing/ResponseFactory->view('app', Array, 200, Array)
#10 D:/PROJECT WORK/WonNyaciRun/vendor/laravel/framework/src/Illuminate/Routing/ViewController.php(57): Illuminate/Routing/ViewController->__invoke(view: 'app', data: Array, status: 200, headers: Array)
#11 D:/PROJECT WORK/WonNyaciRun/vendor/laravel/framework/src/Illuminate/Routing/ControllerDispatcher.php(43): Illuminate/Routing/ViewController->callAction('__invoke', Array)
#12 D:/PROJECT WORK/WonNyaciRun/vendor/laravel/framework/src/Illuminate/Routing/Route.php(265): Illuminate/Routing/ControllerDispatcher->dispatch(Object(Illuminate/Routing/Route), Object(Illuminate/Routing/ViewController), '__invoke')
#13 D:/PROJECT WORK/WonNyaciRun/vendor/laravel/framework/src/Illuminate/Routing/Route.php(211): Illuminate/Routing/Route->runController()
#14 D:/PROJECT WORK/WonNyaciRun/vendor/laravel/framework/src/Illuminate/Routing/Router.php(822): Illuminate/Routing/Route->run()
#15 D:/PROJECT WORK/WonNyaciRun/vendor/laravel/framework/src/Illuminate/Pipeline/Pipeline.php(180): Illuminate/Routing/Router->Illuminate/Routing/{closure}(Object(Illuminate/Http/Request))
#16 D:/PROJECT WORK/WonNyaciRun/vendor/laravel/framework/src/Illuminate/Routing/Middleware/SubstituteBindings.php(50): Illuminate/Pipeline/Pipeline->Illuminate/Pipeline/{closure}(Object(Illuminate/Http/Request))
#17 D:/PROJECT WORK/WonNyaciRun/vendor/laravel/framework/src/Illuminate/Pipeline/Pipeline.php(219): Illuminate/Routing/Middleware/SubstituteBindings->handle(Object(Illuminate/Http/Request), Object(Closure))
#18 D:/PROJECT WORK/WonNyaciRun/vendor/laravel/framework/src/Illuminate/Foundation/Http/Middleware/VerifyCsrfToken.php(87): Illuminate/Pipeline/Pipeline->Illuminate/Pipeline/{closure}(Object(Illuminate/Http/Request))
#19 D:/PROJECT WORK/WonNyaciRun/vendor/laravel/framework/src/Illuminate/Pipeline/Pipeline.php(219): Illuminate/Foundation/Http/Middleware/VerifyCsrfToken->handle(Object(Illuminate/Http/Request), Object(Closure))
#20 D:/PROJECT WORK/WonNyaciRun/vendor/laravel/framework/src/Illuminate/View/Middleware/ShareErrorsFromSession.php(48): Illuminate/Pipeline/Pipeline->Illuminate/Pipeline/{closure}(Object(Illuminate/Http/Request))
#21 D:/PROJECT WORK/WonNyaciRun/vendor/laravel/framework/src/Illuminate/Pipeline/Pipeline.php(219): Illuminate/View/Middleware/ShareErrorsFromSession->handle(Object(Illuminate/Http/Request), Object(Closure))
#22 D:/PROJECT WORK/WonNyaciRun/vendor/laravel/framework/src/Illuminate/Session/Middleware/StartSession.php(120): Illuminate/Pipeline/Pipeline->Illuminate/Pipeline/{closure}(Object(Illuminate/Http/Request))
#23 D:/PROJECT WORK/WonNyaciRun/vendor/laravel/framework/src/Illuminate/Session/Middleware/StartSession.php(63): Illuminate/Session/Middleware/StartSession->handleStatefulRequest(Object(Illuminate/Http/Request), Object(Illuminate/Session/Store), Object(Closure))
#24 D:/PROJECT WORK/WonNyaciRun/vendor/laravel/framework/src/Illuminate/Pipeline/Pipeline.php(219): Illuminate/Session/Middleware/StartSession->handle(Object(Illuminate/Http/Request), Object(Closure))
#25 D:/PROJECT WORK/WonNyaciRun/vendor/laravel/framework/src/Illuminate/Cookie/Middleware/AddQueuedCookiesToResponse.php(36): Illuminate/Pipeline/Pipeline->Illuminate/Pipeline/{closure}(Object(Illuminate/Http/Request))
#26 D:/PROJECT WORK/WonNyaciRun/vendor/laravel/framework/src/Illuminate/Pipeline/Pipeline.php(219): Illuminate/Cookie/Middleware/AddQueuedCookiesToResponse->handle(Object(Illuminate/Http/Request), Object(Closure))
#27 D:/PROJECT WORK/WonNyaciRun/vendor/laravel/framework/src/Illuminate/Cookie/Middleware/EncryptCookies.php(74): Illuminate/Pipeline/Pipeline->Illuminate/Pipeline/{closure}(Object(Illuminate/Http/Request))
#28 D:/PROJECT WORK/WonNyaciRun/vendor/laravel/framework/src/Illuminate/Pipeline/Pipeline.php(219): Illuminate/Cookie/Middleware/EncryptCookies->handle(Object(Illuminate/Http/Request), Object(Closure))
#29 D:/PROJECT WORK/WonNyaciRun/vendor/laravel/framework/src/Illuminate/Pipeline/Pipeline.php(137): Illuminate/Pipeline/Pipeline->Illuminate/Pipeline/{closure}(Object(Illuminate/Http/Request))
#30 D:/PROJECT WORK/WonNyaciRun/vendor/laravel/framework/src/Illuminate/Routing/Router.php(821): Illuminate/Pipeline/Pipeline->then(Object(Closure))
#31 D:/PROJECT WORK/WonNyaciRun/vendor/laravel/framework/src/Illuminate/Routing/Router.php(800): Illuminate/Routing/Router->runRouteWithinStack(Object(Illuminate/Routing/Route), Object(Illuminate/Http/Request))
#32 D:/PROJECT WORK/WonNyaciRun/vendor/laravel/framework/src/Illuminate/Routing/Router.php(764): Illuminate/Routing/Router->runRoute(Object(Illuminate/Http/Request), Object(Illuminate/Routing/Route))
#33 D:/PROJECT WORK/WonNyaciRun/vendor/laravel/framework/src/Illuminate/Routing/Router.php(753): Illuminate/Routing/Router->dispatchToRoute(Object(Illuminate/Http/Request))
#34 D:/PROJECT WORK/WonNyaciRun/vendor/laravel/framework/src/Illuminate/Foundation/Http/Kernel.php(200): Illuminate/Routing/Router->dispatch(Object(Illuminate/Http/Request))
#35 D:/PROJECT WORK/WonNyaciRun/vendor/laravel/framework/src/Illuminate/Pipeline/Pipeline.php(180): Illuminate/Foundation/Http/Kernel->Illuminate/Foundation/Http/{closure}(Object(Illuminate/Http/Request))
#36 D:/PROJECT WORK/WonNyaciRun/vendor/laravel/framework/src/Illuminate/Foundation/Http/Middleware/TransformsRequest.php(21): Illuminate/Pipeline/Pipeline->Illuminate/Pipeline/{closure}(Object(Illuminate/Http/Request))
#37 D:/PROJECT WORK/WonNyaciRun/vendor/laravel/framework/src/Illuminate/Foundation/Http/Middleware/ConvertEmptyStringsToNull.php(31): Illuminate/Foundation/Http/Middleware/TransformsRequest->handle(Object(Illuminate/Http/Request), Object(Closure))
#38 D:/PROJECT WORK/WonNyaciRun/vendor/laravel/framework/src/Illuminate/Pipeline/Pipeline.php(219): Illuminate/Foundation/Http/Middleware/ConvertEmptyStringsToNull->handle(Object(Illuminate/Http/Request), Object(Closure))
#39 D:/PROJECT WORK/WonNyaciRun/vendor/laravel/framework/src/Illuminate/Foundation/Http/Middleware/TransformsRequest.php(21): Illuminate/Pipeline/Pipeline->Illuminate/Pipeline/{closure}(Object(Illuminate/Http/Request))
#40 D:/PROJECT WORK/WonNyaciRun/vendor/laravel/framework/src/Illuminate/Foundation/Http/Middleware/TrimStrings.php(51): Illuminate/Foundation/Http/Middleware/TransformsRequest->handle(Object(Illuminate/Http/Request), Object(Closure))
#41 D:/PROJECT WORK/WonNyaciRun/vendor/laravel/framework/src/Illuminate/Pipeline/Pipeline.php(219): Illuminate/Foundation/Http/Middleware/TrimStrings->handle(Object(Illuminate/Http/Request), Object(Closure))
#42 D:/PROJECT WORK/WonNyaciRun/vendor/laravel/framework/src/Illuminate/Http/Middleware/ValidatePostSize.php(27): Illuminate/Pipeline/Pipeline->Illuminate/Pipeline/{closure}(Object(Illuminate/Http/Request))
#43 D:/PROJECT WORK/WonNyaciRun/vendor/laravel/framework/src/Illuminate/Pipeline/Pipeline.php(219): Illuminate/Http/Middleware/ValidatePostSize->handle(Object(Illuminate/Http/Request), Object(Closure))
#44 D:/PROJECT WORK/WonNyaciRun/vendor/laravel/framework/src/Illuminate/Foundation/Http/Middleware/PreventRequestsDuringMaintenance.php(109): Illuminate/Pipeline/Pipeline->Illuminate/Pipeline/{closure}(Object(Illuminate/Http/Request))
#45 D:/PROJECT WORK/WonNyaciRun/vendor/laravel/framework/src/Illuminate/Pipeline/Pipeline.php(219): Illuminate/Foundation/Http/Middleware/PreventRequestsDuringMaintenance->handle(Object(Illuminate/Http/Request), Object(Closure))
#46 D:/PROJECT WORK/WonNyaciRun/vendor/laravel/framework/src/Illuminate/Http/Middleware/HandleCors.php(61): Illuminate/Pipeline/Pipeline->Illuminate/Pipeline/{closure}(Object(Illuminate/Http/Request))
#47 D:/PROJECT WORK/WonNyaciRun/vendor/laravel/framework/src/Illuminate/Pipeline/Pipeline.php(219): Illuminate/Http/Middleware/HandleCors->handle(Object(Illuminate/Http/Request), Object(Closure))
#48 D:/PROJECT WORK/WonNyaciRun/vendor/laravel/framework/src/Illuminate/Http/Middleware/TrustProxies.php(58): Illuminate/Pipeline/Pipeline->Illuminate/Pipeline/{closure}(Object(Illuminate/Http/Request))
#49 D:/PROJECT WORK/WonNyaciRun/vendor/laravel/framework/src/Illuminate/Pipeline/Pipeline.php(219): Illuminate/Http/Middleware/TrustProxies->handle(Object(Illuminate/Http/Request), Object(Closure))
#50 D:/PROJECT WORK/WonNyaciRun/vendor/laravel/framework/src/Illuminate/Foundation/Http/Middleware/InvokeDeferredCallbacks.php(22): Illuminate/Pipeline/Pipeline->Illuminate/Pipeline/{closure}(Object(Illuminate/Http/Request))
#51 D:/PROJECT WORK/WonNyaciRun/vendor/laravel/framework/src/Illuminate/Pipeline/Pipeline.php(219): Illuminate/Foundation/Http/Middleware/InvokeDeferredCallbacks->handle(Object(Illuminate/Http/Request), Object(Closure))
#52 D:/PROJECT WORK/WonNyaciRun/vendor/laravel/framework/src/Illuminate/Http/Middleware/ValidatePathEncoding.php(26): Illuminate/Pipeline/Pipeline->Illuminate/Pipeline/{closure}(Object(Illuminate/Http/Request))
#53 D:/PROJECT WORK/WonNyaciRun/vendor/laravel/framework/src/Illuminate/Pipeline/Pipeline.php(219): Illuminate/Http/Middleware/ValidatePathEncoding->handle(Object(Illuminate/Http/Request), Object(Closure))
#54 D:/PROJECT WORK/WonNyaciRun/vendor/laravel/framework/src/Illuminate/Pipeline/Pipeline.php(137): Illuminate/Pipeline/Pipeline->Illuminate/Pipeline/{closure}(Object(Illuminate/Http/Request))
#55 D:/PROJECT WORK/WonNyaciRun/vendor/laravel/framework/src/Illuminate/Foundation/Http/Kernel.php(175): Illuminate/Pipeline/Pipeline->then(Object(Closure))
#56 D:/PROJECT WORK/WonNyaciRun/vendor/laravel/framework/src/Illuminate/Foundation/Http/Kernel.php(144): Illuminate/Foundation/Http/Kernel->sendRequestThroughRouter(Object(Illuminate/Http/Request))
#57 D:/PROJECT WORK/WonNyaciRun/vendor/laravel/framework/src/Illuminate/Foundation/Application.php(1220): Illuminate/Foundation/Http/Kernel->handle(Object(Illuminate/Http/Request))
#58 D:/PROJECT WORK/WonNyaciRun/public/index.php(7): Illuminate/Foundation/Application->handleRequest(Object(Illuminate/Http/Request))
#59 D:/PROJECT WORK/WonNyaciRun/vendor/laravel/framework/src/Illuminate/Foundation/resources/server.php(23): require_once('D://PROJECT WORK...')
#60 {main}

[previous exception] [object] (Illuminate\\Foundation\\ViteManifestNotFoundException(code: 0): Vite manifest not found at: D:\\PROJECT WORK\\WonNyaciRun\\public\\build/manifest.json at D:/PROJECT WORK/WonNyaciRun/vendor/laravel/framework/src/Illuminate/Foundation/Vite.php:946)
[stacktrace]
#0 D:/PROJECT WORK/WonNyaciRun/vendor/laravel/framework/src/Illuminate/Foundation/Vite.php(384): Illuminate/Foundation/Vite->manifest('build')
#1 D:/PROJECT WORK/WonNyaciRun/storage/framework/views/75de090d7c096a23f1e65c36ac4275fa.php(8): Illuminate/Foundation/Vite->__invoke(Object(Illuminate/Support/Collection))
#2 D:/PROJECT WORK/WonNyaciRun/vendor/laravel/framework/src/Illuminate/Filesystem/Filesystem.php(123): require('D://PROJECT WORK...')
#3 D:/PROJECT WORK/WonNyaciRun/vendor/laravel/framework/src/Illuminate/Filesystem/Filesystem.php(124): Illuminate/Filesystem/Filesystem::Illuminate/Filesystem/{closure}()
#4 D:/PROJECT WORK/WonNyaciRun/vendor/laravel/framework/src/Illuminate/View/Engines/PhpEngine.php(57): Illuminate/Filesystem/Filesystem->getRequire('D://PROJECT WORK...', Array)
#5 D:/PROJECT WORK/WonNyaciRun/vendor/laravel/framework/src/Illuminate/View/Engines/CompilerEngine.php(76): Illuminate/View/Engines/PhpEngine->evaluatePath('D://PROJECT WORK...', Array)
#6 D:/PROJECT WORK/WonNyaciRun/vendor/laravel/framework/src/Illuminate/View/View.php(208): Illuminate/View/Engines/CompilerEngine->get('D://PROJECT WORK...', Array)
#7 D:/PROJECT WORK/WonNyaciRun/vendor/laravel/framework/src/Illuminate/View/View.php(191): Illuminate/View/View->getContents()
#8 D:/PROJECT WORK/WonNyaciRun/vendor/laravel/framework/src/Illuminate/View/View.php(160): Illuminate/View/View->renderContents()
#9 D:/PROJECT WORK/WonNyaciRun/vendor/laravel/framework/src/Illuminate/Http/Response.php(78): Illuminate/View/View->render()
#10 D:/PROJECT WORK/WonNyaciRun/vendor/laravel/framework/src/Illuminate/Http/Response.php(34): Illuminate/Http/Response->setContent(Object(Illuminate/View/View))
#11 D:/PROJECT WORK/WonNyaciRun/vendor/laravel/framework/src/Illuminate/Routing/ResponseFactory.php(61): Illuminate/Http/Response->__construct(Object(Illuminate/View/View), 200, Array)
#12 D:/PROJECT WORK/WonNyaciRun/vendor/laravel/framework/src/Illuminate/Routing/ResponseFactory.php(91): Illuminate/Routing/ResponseFactory->make(Object(Illuminate/View/View), 200, Array)
#13 D:/PROJECT WORK/WonNyaciRun/vendor/laravel/framework/src/Illuminate/Routing/ViewController.php(40): Illuminate/Routing/ResponseFactory->view('app', Array, 200, Array)
#14 D:/PROJECT WORK/WonNyaciRun/vendor/laravel/framework/src/Illuminate/Routing/ViewController.php(57): Illuminate/Routing/ViewController->__invoke(view: 'app', data: Array, status: 200, headers: Array)
#15 D:/PROJECT WORK/WonNyaciRun/vendor/laravel/framework/src/Illuminate/Routing/ControllerDispatcher.php(43): Illuminate/Routing/ViewController->callAction('__invoke', Array)
#16 D:/PROJECT WORK/WonNyaciRun/vendor/laravel/framework/src/Illuminate/Routing/Route.php(265): Illuminate/Routing/ControllerDispatcher->dispatch(Object(Illuminate/Routing/Route), Object(Illuminate/Routing/ViewController), '__invoke')
#17 D:/PROJECT WORK/WonNyaciRun/vendor/laravel/framework/src/Illuminate/Routing/Route.php(211): Illuminate/Routing/Route->runController()
#18 D:/PROJECT WORK/WonNyaciRun/vendor/laravel/framework/src/Illuminate/Routing/Router.php(822): Illuminate/Routing/Route->run()
#19 D:/PROJECT WORK/WonNyaciRun/vendor/laravel/framework/src/Illuminate/Pipeline/Pipeline.php(180): Illuminate/Routing/Router->Illuminate/Routing/{closure}(Object(Illuminate/Http/Request))
#20 D:/PROJECT WORK/WonNyaciRun/vendor/laravel/framework/src/Illuminate/Routing/Middleware/SubstituteBindings.php(50): Illuminate/Pipeline/Pipeline->Illuminate/Pipeline/{closure}(Object(Illuminate/Http/Request))
#21 D:/PROJECT WORK/WonNyaciRun/vendor/laravel/framework/src/Illuminate/Pipeline/Pipeline.php(219): Illuminate/Routing/Middleware/SubstituteBindings->handle(Object(Illuminate/Http/Request), Object(Closure))
#22 D:/PROJECT WORK/WonNyaciRun/vendor/laravel/framework/src/Illuminate/Foundation/Http/Middleware/VerifyCsrfToken.php(87): Illuminate/Pipeline/Pipeline->Illuminate/Pipeline/{closure}(Object(Illuminate/Http/Request))
#23 D:/PROJECT WORK/WonNyaciRun/vendor/laravel/framework/src/Illuminate/Pipeline/Pipeline.php(219): Illuminate/Foundation/Http/Middleware/VerifyCsrfToken->handle(Object(Illuminate/Http/Request), Object(Closure))
#24 D:/PROJECT WORK/WonNyaciRun/vendor/laravel/framework/src/Illuminate/View/Middleware/ShareErrorsFromSession.php(48): Illuminate/Pipeline/Pipeline->Illuminate/Pipeline/{closure}(Object(Illuminate/Http/Request))
#25 D:/PROJECT WORK/WonNyaciRun/vendor/laravel/framework/src/Illuminate/Pipeline/Pipeline.php(219): Illuminate/View/Middleware/ShareErrorsFromSession->handle(Object(Illuminate/Http/Request), Object(Closure))
#26 D:/PROJECT WORK/WonNyaciRun/vendor/laravel/framework/src/Illuminate/Session/Middleware/StartSession.php(120): Illuminate/Pipeline/Pipeline->Illuminate/Pipeline/{closure}(Object(Illuminate/Http/Request))
#27 D:/PROJECT WORK/WonNyaciRun/vendor/laravel/framework/src/Illuminate/Session/Middleware/StartSession.php(63): Illuminate/Session/Middleware/StartSession->handleStatefulRequest(Object(Illuminate/Http/Request), Object(Illuminate/Session/Store), Object(Closure))
#28 D:/PROJECT WORK/WonNyaciRun/vendor/laravel/framework/src/Illuminate/Pipeline/Pipeline.php(219): Illuminate/Session/Middleware/StartSession->handle(Object(Illuminate/Http/Request), Object(Closure))
#29 D:/PROJECT WORK/WonNyaciRun/vendor/laravel/framework/src/Illuminate/Cookie/Middleware/AddQueuedCookiesToResponse.php(36): Illuminate/Pipeline/Pipeline->Illuminate/Pipeline/{closure}(Object(Illuminate/Http/Request))
#30 D:/PROJECT WORK/WonNyaciRun/vendor/laravel/framework/src/Illuminate/Pipeline/Pipeline.php(219): Illuminate/Cookie/Middleware/AddQueuedCookiesToResponse->handle(Object(Illuminate/Http/Request), Object(Closure))
#31 D:/PROJECT WORK/WonNyaciRun/vendor/laravel/framework/src/Illuminate/Cookie/Middleware/EncryptCookies.php(74): Illuminate/Pipeline/Pipeline->Illuminate/Pipeline/{closure}(Object(Illuminate/Http/Request))
#32 D:/PROJECT WORK/WonNyaciRun/vendor/laravel/framework/src/Illuminate/Pipeline/Pipeline.php(219): Illuminate/Cookie/Middleware/EncryptCookies->handle(Object(Illuminate/Http/Request), Object(Closure))
#33 D:/PROJECT WORK/WonNyaciRun/vendor/laravel/framework/src/Illuminate/Pipeline/Pipeline.php(137): Illuminate/Pipeline/Pipeline->Illuminate/Pipeline/{closure}(Object(Illuminate/Http/Request))
#34 D:/PROJECT WORK/WonNyaciRun/vendor/laravel/framework/src/Illuminate/Routing/Router.php(821): Illuminate/Pipeline/Pipeline->then(Object(Closure))
#35 D:/PROJECT WORK/WonNyaciRun/vendor/laravel/framework/src/Illuminate/Routing/Router.php(800): Illuminate/Routing/Router->runRouteWithinStack(Object(Illuminate/Routing/Route), Object(Illuminate/Http/Request))
#36 D:/PROJECT WORK/WonNyaciRun/vendor/laravel/framework/src/Illuminate/Routing/Router.php(764): Illuminate/Routing/Router->runRoute(Object(Illuminate/Http/Request), Object(Illuminate/Routing/Route))
#37 D:/PROJECT WORK/WonNyaciRun/vendor/laravel/framework/src/Illuminate/Routing/Router.php(753): Illuminate/Routing/Router->dispatchToRoute(Object(Illuminate/Http/Request))
#38 D:/PROJECT WORK/WonNyaciRun/vendor/laravel/framework/src/Illuminate/Foundation/Http/Kernel.php(200): Illuminate/Routing/Router->dispatch(Object(Illuminate/Http/Request))
#39 D:/PROJECT WORK/WonNyaciRun/vendor/laravel/framework/src/Illuminate/Pipeline/Pipeline.php(180): Illuminate/Foundation/Http/Kernel->Illuminate/Foundation/Http/{closure}(Object(Illuminate/Http/Request))
#40 D:/PROJECT WORK/WonNyaciRun/vendor/laravel/framework/src/Illuminate/Foundation/Http/Middleware/TransformsRequest.php(21): Illuminate/Pipeline/Pipeline->Illuminate/Pipeline/{closure}(Object(Illuminate/Http/Request))
#41 D:/PROJECT WORK/WonNyaciRun/vendor/laravel/framework/src/Illuminate/Foundation/Http/Middleware/ConvertEmptyStringsToNull.php(31): Illuminate/Foundation/Http/Middleware/TransformsRequest->handle(Object(Illuminate/Http/Request), Object(Closure))
#42 D:/PROJECT WORK/WonNyaciRun/vendor/laravel/framework/src/Illuminate/Pipeline/Pipeline.php(219): Illuminate/Foundation/Http/Middleware/ConvertEmptyStringsToNull->handle(Object(Illuminate/Http/Request), Object(Closure))
#43 D:/PROJECT WORK/WonNyaciRun/vendor/laravel/framework/src/Illuminate/Foundation/Http/Middleware/TransformsRequest.php(21): Illuminate/Pipeline/Pipeline->Illuminate/Pipeline/{closure}(Object(Illuminate/Http/Request))
#44 D:/PROJECT WORK/WonNyaciRun/vendor/laravel/framework/src/Illuminate/Foundation/Http/Middleware/TrimStrings.php(51): Illuminate/Foundation/Http/Middleware/TransformsRequest->handle(Object(Illuminate/Http/Request), Object(Closure))
#45 D:/PROJECT WORK/WonNyaciRun/vendor/laravel/framework/src/Illuminate/Pipeline/Pipeline.php(219): Illuminate/Foundation/Http/Middleware/TrimStrings->handle(Object(Illuminate/Http/Request), Object(Closure))
#46 D:/PROJECT WORK/WonNyaciRun/vendor/laravel/framework/src/Illuminate/Http/Middleware/ValidatePostSize.php(27): Illuminate/Pipeline/Pipeline->Illuminate/Pipeline/{closure}(Object(Illuminate/Http/Request))
#47 D:/PROJECT WORK/WonNyaciRun/vendor/laravel/framework/src/Illuminate/Pipeline/Pipeline.php(219): Illuminate/Http/Middleware/ValidatePostSize->handle(Object(Illuminate/Http/Request), Object(Closure))
#48 D:/PROJECT WORK/WonNyaciRun/vendor/laravel/framework/src/Illuminate/Foundation/Http/Middleware/PreventRequestsDuringMaintenance.php(109): Illuminate/Pipeline/Pipeline->Illuminate/Pipeline/{closure}(Object(Illuminate/Http/Request))
#49 D:/PROJECT WORK/WonNyaciRun/vendor/laravel/framework/src/Illuminate/Pipeline/Pipeline.php(219): Illuminate/Foundation/Http/Middleware/PreventRequestsDuringMaintenance->handle(Object(Illuminate/Http/Request), Object(Closure))
#50 D:/PROJECT WORK/WonNyaciRun/vendor/laravel/framework/src/Illuminate/Http/Middleware/HandleCors.php(61): Illuminate/Pipeline/Pipeline->Illuminate/Pipeline/{closure}(Object(Illuminate/Http/Request))
#51 D:/PROJECT WORK/WonNyaciRun/vendor/laravel/framework/src/Illuminate/Pipeline/Pipeline.php(219): Illuminate/Http/Middleware/HandleCors->handle(Object(Illuminate/Http/Request), Object(Closure))
#52 D:/PROJECT WORK/WonNyaciRun/vendor/laravel/framework/src/Illuminate/Http/Middleware/TrustProxies.php(58): Illuminate/Pipeline/Pipeline->Illuminate/Pipeline/{closure}(Object(Illuminate/Http/Request))
#53 D:/PROJECT WORK/WonNyaciRun/vendor/laravel/framework/src/Illuminate/Pipeline/Pipeline.php(219): Illuminate/Http/Middleware/TrustProxies->handle(Object(Illuminate/Http/Request), Object(Closure))
#54 D:/PROJECT WORK/WonNyaciRun/vendor/laravel/framework/src/Illuminate/Foundation/Http/Middleware/InvokeDeferredCallbacks.php(22): Illuminate/Pipeline/Pipeline->Illuminate/Pipeline/{closure}(Object(Illuminate/Http/Request))
#55 D:/PROJECT WORK/WonNyaciRun/vendor/laravel/framework/src/Illuminate/Pipeline/Pipeline.php(219): Illuminate/Foundation/Http/Middleware/InvokeDeferredCallbacks->handle(Object(Illuminate/Http/Request), Object(Closure))
#56 D:/PROJECT WORK/WonNyaciRun/vendor/laravel/framework/src/Illuminate/Http/Middleware/ValidatePathEncoding.php(26): Illuminate/Pipeline/Pipeline->Illuminate/Pipeline/{closure}(Object(Illuminate/Http/Request))
#57 D:/PROJECT WORK/WonNyaciRun/vendor/laravel/framework/src/Illuminate/Pipeline/Pipeline.php(219): Illuminate/Http/Middleware/ValidatePathEncoding->handle(Object(Illuminate/Http/Request), Object(Closure))
#58 D:/PROJECT WORK/WonNyaciRun/vendor/laravel/framework/src/Illuminate/Pipeline/Pipeline.php(137): Illuminate/Pipeline/Pipeline->Illuminate/Pipeline/{closure}(Object(Illuminate/Http/Request))
#59 D:/PROJECT WORK/WonNyaciRun/vendor/laravel/framework/src/Illuminate/Foundation/Http/Kernel.php(175): Illuminate/Pipeline/Pipeline->then(Object(Closure))
#60 D:/PROJECT WORK/WonNyaciRun/vendor/laravel/framework/src/Illuminate/Foundation/Http/Kernel.php(144): Illuminate/Foundation/Http/Kernel->sendRequestThroughRouter(Object(Illuminate/Http/Request))
#61 D:/PROJECT WORK/WonNyaciRun/vendor/laravel/framework/src/Illuminate/Foundation/Application.php(1220): Illuminate/Foundation/Http/Kernel->handle(Object(Illuminate/Http/Request))
#62 D:/PROJECT WORK/WonNyaciRun/public/index.php(7): Illuminate/Foundation/Application->handleRequest(Object(Illuminate/Http/Request))
#63 D:/PROJECT WORK/WonNyaciRun/vendor/laravel/framework/src/Illuminate/Foundation/resources/server.php(23): require_once('D://PROJECT WORK...')
#64 {main}
"} 
[2026-09-14 10:49:10] local.ERROR: Unable to locate file in Vite manifest: resources/css/app.css. (View: D:\PROJECT WORK\WonNyaciRun\resources\views\app.blade.php) {"exception":"[object] (Illuminate\\View\\ViewException(code: 0): Unable to locate file in Vite manifest: resources/css/app.css. (View: D:\\PROJECT WORK\\WonNyaciRun\\resources\\views\\app.blade.php) at D:/PROJECT WORK/WonNyaciRun/vendor/laravel/framework/src/Illuminate/Foundation/Vite.php:999)
[stacktrace]
#0 D:/PROJECT WORK/WonNyaciRun/vendor/laravel/framework/src/Illuminate/View/Engines/PhpEngine.php(59): Illuminate/View/Engines/CompilerEngine->handleViewException(Object(Illuminate/Foundation/ViteException), 1)
#1 D:/PROJECT WORK/WonNyaciRun/vendor/laravel/framework/src/Illuminate/View/Engines/CompilerEngine.php(76): Illuminate/View/Engines/PhpEngine->evaluatePath('D://PROJECT WORK...', Array)
#2 D:/PROJECT WORK/WonNyaciRun/vendor/laravel/framework/src/Illuminate/View/View.php(208): Illuminate/View/Engines/CompilerEngine->get('D://PROJECT WORK...', Array)
#3 D:/PROJECT WORK/WonNyaciRun/vendor/laravel/framework/src/Illuminate/View/View.php(191): Illuminate/View/View->getContents()
#4 D:/PROJECT WORK/WonNyaciRun/vendor/laravel/framework/src/Illuminate/View/View.php(160): Illuminate/View/View->renderContents()
#5 D:/PROJECT WORK/WonNyaciRun/vendor/laravel/framework/src/Illuminate/Http/Response.php(78): Illuminate/View/View->render()
#6 D:/PROJECT WORK/WonNyaciRun/vendor/laravel/framework/src/Illuminate/Http/Response.php(34): Illuminate/Http/Response->setContent(Object(Illuminate/View/View))
#7 D:/PROJECT WORK/WonNyaciRun/vendor/laravel/framework/src/Illuminate/Routing/ResponseFactory.php(61): Illuminate/Http/Response->__construct(Object(Illuminate/View/View), 200, Array)
#8 D:/PROJECT WORK/WonNyaciRun/vendor/laravel/framework/src/Illuminate/Routing/ResponseFactory.php(91): Illuminate/Routing/ResponseFactory->make(Object(Illuminate/View/View), 200, Array)
#9 D:/PROJECT WORK/WonNyaciRun/vendor/laravel/framework/src/Illuminate/Routing/ViewController.php(40): Illuminate/Routing/ResponseFactory->view('app', Array, 200, Array)
#10 D:/PROJECT WORK/WonNyaciRun/vendor/laravel/framework/src/Illuminate/Routing/ViewController.php(57): Illuminate/Routing/ViewController->__invoke(view: 'app', data: Array, status: 200, headers: Array)
#11 D:/PROJECT WORK/WonNyaciRun/vendor/laravel/framework/src/Illuminate/Routing/ControllerDispatcher.php(43): Illuminate/Routing/ViewController->callAction('__invoke', Array)
#12 D:/PROJECT WORK/WonNyaciRun/vendor/laravel/framework/src/Illuminate/Routing/Route.php(265): Illuminate/Routing/ControllerDispatcher->dispatch(Object(Illuminate/Routing/Route), Object(Illuminate/Routing/ViewController), '__invoke')
#13 D:/PROJECT WORK/WonNyaciRun/vendor/laravel/framework/src/Illuminate/Routing/Route.php(211): Illuminate/Routing/Route->runController()
#14 D:/PROJECT WORK/WonNyaciRun/vendor/laravel/framework/src/Illuminate/Routing/Router.php(822): Illuminate/Routing/Route->run()
#15 D:/PROJECT WORK/WonNyaciRun/vendor/laravel/framework/src/Illuminate/Pipeline/Pipeline.php(180): Illuminate/Routing/Router->Illuminate/Routing/{closure}(Object(Illuminate/Http/Request))
#16 D:/PROJECT WORK/WonNyaciRun/vendor/laravel/framework/src/Illuminate/Routing/Middleware/SubstituteBindings.php(50): Illuminate/Pipeline/Pipeline->Illuminate/Pipeline/{closure}(Object(Illuminate/Http/Request))
#17 D:/PROJECT WORK/WonNyaciRun/vendor/laravel/framework/src/Illuminate/Pipeline/Pipeline.php(219): Illuminate/Routing/Middleware/SubstituteBindings->handle(Object(Illuminate/Http/Request), Object(Closure))
#18 D:/PROJECT WORK/WonNyaciRun/vendor/laravel/framework/src/Illuminate/Foundation/Http/Middleware/VerifyCsrfToken.php(87): Illuminate/Pipeline/Pipeline->Illuminate/Pipeline/{closure}(Object(Illuminate/Http/Request))
#19 D:/PROJECT WORK/WonNyaciRun/vendor/laravel/framework/src/Illuminate/Pipeline/Pipeline.php(219): Illuminate/Foundation/Http/Middleware/VerifyCsrfToken->handle(Object(Illuminate/Http/Request), Object(Closure))
#20 D:/PROJECT WORK/WonNyaciRun/vendor/laravel/framework/src/Illuminate/View/Middleware/ShareErrorsFromSession.php(48): Illuminate/Pipeline/Pipeline->Illuminate/Pipeline/{closure}(Object(Illuminate/Http/Request))
#21 D:/PROJECT WORK/WonNyaciRun/vendor/laravel/framework/src/Illuminate/Pipeline/Pipeline.php(219): Illuminate/View/Middleware/ShareErrorsFromSession->handle(Object(Illuminate/Http/Request), Object(Closure))
#22 D:/PROJECT WORK/WonNyaciRun/vendor/laravel/framework/src/Illuminate/Session/Middleware/StartSession.php(120): Illuminate/Pipeline/Pipeline->Illuminate/Pipeline/{closure}(Object(Illuminate/Http/Request))
#23 D:/PROJECT WORK/WonNyaciRun/vendor/laravel/framework/src/Illuminate/Session/Middleware/StartSession.php(63): Illuminate/Session/Middleware/StartSession->handleStatefulRequest(Object(Illuminate/Http/Request), Object(Illuminate/Session/Store), Object(Closure))
#24 D:/PROJECT WORK/WonNyaciRun/vendor/laravel/framework/src/Illuminate/Pipeline/Pipeline.php(219): Illuminate/Session/Middleware/StartSession->handle(Object(Illuminate/Http/Request), Object(Closure))
#25 D:/PROJECT WORK/WonNyaciRun/vendor/laravel/framework/src/Illuminate/Cookie/Middleware/AddQueuedCookiesToResponse.php(36): Illuminate/Pipeline/Pipeline->Illuminate/Pipeline/{closure}(Object(Illuminate/Http/Request))
#26 D:/PROJECT WORK/WonNyaciRun/vendor/laravel/framework/src/Illuminate/Pipeline/Pipeline.php(219): Illuminate/Cookie/Middleware/AddQueuedCookiesToResponse->handle(Object(Illuminate/Http/Request), Object(Closure))
#27 D:/PROJECT WORK/WonNyaciRun/vendor/laravel/framework/src/Illuminate/Cookie/Middleware/EncryptCookies.php(74): Illuminate/Pipeline/Pipeline->Illuminate/Pipeline/{closure}(Object(Illuminate/Http/Request))
#28 D:/PROJECT WORK/WonNyaciRun/vendor/laravel/framework/src/Illuminate/Pipeline/Pipeline.php(219): Illuminate/Cookie/Middleware/EncryptCookies->handle(Object(Illuminate/Http/Request), Object(Closure))
#29 D:/PROJECT WORK/WonNyaciRun/vendor/laravel/framework/src/Illuminate/Pipeline/Pipeline.php(137): Illuminate/Pipeline/Pipeline->Illuminate/Pipeline/{closure}(Object(Illuminate/Http/Request))
#30 D:/PROJECT WORK/WonNyaciRun/vendor/laravel/framework/src/Illuminate/Routing/Router.php(821): Illuminate/Pipeline/Pipeline->then(Object(Closure))
#31 D:/PROJECT WORK/WonNyaciRun/vendor/laravel/framework/src/Illuminate/Routing/Router.php(800): Illuminate/Routing/Router->runRouteWithinStack(Object(Illuminate/Routing/Route), Object(Illuminate/Http/Request))
#32 D:/PROJECT WORK/WonNyaciRun/vendor/laravel/framework/src/Illuminate/Routing/Router.php(764): Illuminate/Routing/Router->runRoute(Object(Illuminate/Http/Request), Object(Illuminate/Routing/Route))
#33 D:/PROJECT WORK/WonNyaciRun/vendor/laravel/framework/src/Illuminate/Routing/Router.php(753): Illuminate/Routing/Router->dispatchToRoute(Object(Illuminate/Http/Request))
#34 D:/PROJECT WORK/WonNyaciRun/vendor/laravel/framework/src/Illuminate/Foundation/Http/Kernel.php(200): Illuminate/Routing/Router->dispatch(Object(Illuminate/Http/Request))
#35 D:/PROJECT WORK/WonNyaciRun/vendor/laravel/framework/src/Illuminate/Pipeline/Pipeline.php(180): Illuminate/Foundation/Http/Kernel->Illuminate/Foundation/Http/{closure}(Object(Illuminate/Http/Request))
#36 D:/PROJECT WORK/WonNyaciRun/vendor/laravel/framework/src/Illuminate/Foundation/Http/Middleware/TransformsRequest.php(21): Illuminate/Pipeline/Pipeline->Illuminate/Pipeline/{closure}(Object(Illuminate/Http/Request))
#37 D:/PROJECT WORK/WonNyaciRun/vendor/laravel/framework/src/Illuminate/Foundation/Http/Middleware/ConvertEmptyStringsToNull.php(31): Illuminate/Foundation/Http/Middleware/TransformsRequest->handle(Object(Illuminate/Http/Request), Object(Closure))
#38 D:/PROJECT WORK/WonNyaciRun/vendor/laravel/framework/src/Illuminate/Pipeline/Pipeline.php(219): Illuminate/Foundation/Http/Middleware/ConvertEmptyStringsToNull->handle(Object(Illuminate/Http/Request), Object(Closure))
#39 D:/PROJECT WORK/WonNyaciRun/vendor/laravel/framework/src/Illuminate/Foundation/Http/Middleware/TransformsRequest.php(21): Illuminate/Pipeline/Pipeline->Illuminate/Pipeline/{closure}(Object(Illuminate/Http/Request))
#40 D:/PROJECT WORK/WonNyaciRun/vendor/laravel/framework/src/Illuminate/Foundation/Http/Middleware/TrimStrings.php(51): Illuminate/Foundation/Http/Middleware/TransformsRequest->handle(Object(Illuminate/Http/Request), Object(Closure))
#41 D:/PROJECT WORK/WonNyaciRun/vendor/laravel/framework/src/Illuminate/Pipeline/Pipeline.php(219): Illuminate/Foundation/Http/Middleware/TrimStrings->handle(Object(Illuminate/Http/Request), Object(Closure))
#42 D:/PROJECT WORK/WonNyaciRun/vendor/laravel/framework/src/Illuminate/Http/Middleware/ValidatePostSize.php(27): Illuminate/Pipeline/Pipeline->Illuminate/Pipeline/{closure}(Object(Illuminate/Http/Request))
#43 D:/PROJECT WORK/WonNyaciRun/vendor/laravel/framework/src/Illuminate/Pipeline/Pipeline.php(219): Illuminate/Http/Middleware/ValidatePostSize->handle(Object(Illuminate/Http/Request), Object(Closure))
#44 D:/PROJECT WORK/WonNyaciRun/vendor/laravel/framework/src/Illuminate/Foundation/Http/Middleware/PreventRequestsDuringMaintenance.php(109): Illuminate/Pipeline/Pipeline->Illuminate/Pipeline/{closure}(Object(Illuminate/Http/Request))
#45 D:/PROJECT WORK/WonNyaciRun/vendor/laravel/framework/src/Illuminate/Pipeline/Pipeline.php(219): Illuminate/Foundation/Http/Middleware/PreventRequestsDuringMaintenance->handle(Object(Illuminate/Http/Request), Object(Closure))
#46 D:/PROJECT WORK/WonNyaciRun/vendor/laravel/framework/src/Illuminate/Http/Middleware/HandleCors.php(61): Illuminate/Pipeline/Pipeline->Illuminate/Pipeline/{closure}(Object(Illuminate/Http/Request))
#47 D:/PROJECT WORK/WonNyaciRun/vendor/laravel/framework/src/Illuminate/Pipeline/Pipeline.php(219): Illuminate/Http/Middleware/HandleCors->handle(Object(Illuminate/Http/Request), Object(Closure))
#48 D:/PROJECT WORK/WonNyaciRun/vendor/laravel/framework/src/Illuminate/Http/Middleware/TrustProxies.php(58): Illuminate/Pipeline/Pipeline->Illuminate/Pipeline/{closure}(Object(Illuminate/Http/Request))
#49 D:/PROJECT WORK/WonNyaciRun/vendor/laravel/framework/src/Illuminate/Pipeline/Pipeline.php(219): Illuminate/Http/Middleware/TrustProxies->handle(Object(Illuminate/Http/Request), Object(Closure))
#50 D:/PROJECT WORK/WonNyaciRun/vendor/laravel/framework/src/Illuminate/Foundation/Http/Middleware/InvokeDeferredCallbacks.php(22): Illuminate/Pipeline/Pipeline->Illuminate/Pipeline/{closure}(Object(Illuminate/Http/Request))
#51 D:/PROJECT WORK/WonNyaciRun/vendor/laravel/framework/src/Illuminate/Pipeline/Pipeline.php(219): Illuminate/Foundation/Http/Middleware/InvokeDeferredCallbacks->handle(Object(Illuminate/Http/Request), Object(Closure))
#52 D:/PROJECT WORK/WonNyaciRun/vendor/laravel/framework/src/Illuminate/Http/Middleware/ValidatePathEncoding.php(26): Illuminate/Pipeline/Pipeline->Illuminate/Pipeline/{closure}(Object(Illuminate/Http/Request))
#53 D:/PROJECT WORK/WonNyaciRun/vendor/laravel/framework/src/Illuminate/Pipeline/Pipeline.php(219): Illuminate/Http/Middleware/ValidatePathEncoding->handle(Object(Illuminate/Http/Request), Object(Closure))
#54 D:/PROJECT WORK/WonNyaciRun/vendor/laravel/framework/src/Illuminate/Pipeline/Pipeline.php(137): Illuminate/Pipeline/Pipeline->Illuminate/Pipeline/{closure}(Object(Illuminate/Http/Request))
#55 D:/PROJECT WORK/WonNyaciRun/vendor/laravel/framework/src/Illuminate/Foundation/Http/Kernel.php(175): Illuminate/Pipeline/Pipeline->then(Object(Closure))
#56 D:/PROJECT WORK/WonNyaciRun/vendor/laravel/framework/src/Illuminate/Foundation/Http/Kernel.php(144): Illuminate/Foundation/Http/Kernel->sendRequestThroughRouter(Object(Illuminate/Http/Request))
#57 D:/PROJECT WORK/WonNyaciRun/vendor/laravel/framework/src/Illuminate/Foundation/Application.php(1220): Illuminate/Foundation/Http/Kernel->handle(Object(Illuminate/Http/Request))
#58 D:/PROJECT WORK/WonNyaciRun/public/index.php(7): Illuminate/Foundation/Application->handleRequest(Object(Illuminate/Http/Request))
#59 D:/PROJECT WORK/WonNyaciRun/vendor/laravel/framework/src/Illuminate/Foundation/resources/server.php(23): require_once('D://PROJECT WORK...')
#60 {main}

[previous exception] [object] (Illuminate\\Foundation\\ViteException(code: 0): Unable to locate file in Vite manifest: resources/css/app.css. at D:/PROJECT WORK/WonNyaciRun/vendor/laravel/framework/src/Illuminate/Foundation/Vite.php:999)
[stacktrace]
#0 D:/PROJECT WORK/WonNyaciRun/vendor/laravel/framework/src/Illuminate/Foundation/Vite.php(390): Illuminate/Foundation/Vite->chunk(Array, 'resources/css/a...')
#1 D:/PROJECT WORK/WonNyaciRun/storage/framework/views/75de090d7c096a23f1e65c36ac4275fa.php(8): Illuminate/Foundation/Vite->__invoke(Object(Illuminate/Support/Collection))
#2 D:/PROJECT WORK/WonNyaciRun/vendor/laravel/framework/src/Illuminate/Filesystem/Filesystem.php(123): require('D://PROJECT WORK...')
#3 D:/PROJECT WORK/WonNyaciRun/vendor/laravel/framework/src/Illuminate/Filesystem/Filesystem.php(124): Illuminate/Filesystem/Filesystem::Illuminate/Filesystem/{closure}()
#4 D:/PROJECT WORK/WonNyaciRun/vendor/laravel/framework/src/Illuminate/View/Engines/PhpEngine.php(57): Illuminate/Filesystem/Filesystem->getRequire('D://PROJECT WORK...', Array)
#5 D:/PROJECT WORK/WonNyaciRun/vendor/laravel/framework/src/Illuminate/View/Engines/CompilerEngine.php(76): Illuminate/View/Engines/PhpEngine->evaluatePath('D://PROJECT WORK...', Array)
#6 D:/PROJECT WORK/WonNyaciRun/vendor/laravel/framework/src/Illuminate/View/View.php(208): Illuminate/View/Engines/CompilerEngine->get('D://PROJECT WORK...', Array)
#7 D:/PROJECT WORK/WonNyaciRun/vendor/laravel/framework/src/Illuminate/View/View.php(191): Illuminate/View/View->getContents()
#8 D:/PROJECT WORK/WonNyaciRun/vendor/laravel/framework/src/Illuminate/View/View.php(160): Illuminate/View/View->renderContents()
#9 D:/PROJECT WORK/WonNyaciRun/vendor/laravel/framework/src/Illuminate/Http/Response.php(78): Illuminate/View/View->render()
#10 D:/PROJECT WORK/WonNyaciRun/vendor/laravel/framework/src/Illuminate/Http/Response.php(34): Illuminate/Http/Response->setContent(Object(Illuminate/View/View))
#11 D:/PROJECT WORK/WonNyaciRun/vendor/laravel/framework/src/Illuminate/Routing/ResponseFactory.php(61): Illuminate/Http/Response->__construct(Object(Illuminate/View/View), 200, Array)
#12 D:/PROJECT WORK/WonNyaciRun/vendor/laravel/framework/src/Illuminate/Routing/ResponseFactory.php(91): Illuminate/Routing/ResponseFactory->make(Object(Illuminate/View/View), 200, Array)
#13 D:/PROJECT WORK/WonNyaciRun/vendor/laravel/framework/src/Illuminate/Routing/ViewController.php(40): Illuminate/Routing/ResponseFactory->view('app', Array, 200, Array)
#14 D:/PROJECT WORK/WonNyaciRun/vendor/laravel/framework/src/Illuminate/Routing/ViewController.php(57): Illuminate/Routing/ViewController->__invoke(view: 'app', data: Array, status: 200, headers: Array)
#15 D:/PROJECT WORK/WonNyaciRun/vendor/laravel/framework/src/Illuminate/Routing/ControllerDispatcher.php(43): Illuminate/Routing/ViewController->callAction('__invoke', Array)
#16 D:/PROJECT WORK/WonNyaciRun/vendor/laravel/framework/src/Illuminate/Routing/Route.php(265): Illuminate/Routing/ControllerDispatcher->dispatch(Object(Illuminate/Routing/Route), Object(Illuminate/Routing/ViewController), '__invoke')
#17 D:/PROJECT WORK/WonNyaciRun/vendor/laravel/framework/src/Illuminate/Routing/Route.php(211): Illuminate/Routing/Route->runController()
#18 D:/PROJECT WORK/WonNyaciRun/vendor/laravel/framework/src/Illuminate/Routing/Router.php(822): Illuminate/Routing/Route->run()
#19 D:/PROJECT WORK/WonNyaciRun/vendor/laravel/framework/src/Illuminate/Pipeline/Pipeline.php(180): Illuminate/Routing/Router->Illuminate/Routing/{closure}(Object(Illuminate/Http/Request))
#20 D:/PROJECT WORK/WonNyaciRun/vendor/laravel/framework/src/Illuminate/Routing/Middleware/SubstituteBindings.php(50): Illuminate/Pipeline/Pipeline->Illuminate/Pipeline/{closure}(Object(Illuminate/Http/Request))
#21 D:/PROJECT WORK/WonNyaciRun/vendor/laravel/framework/src/Illuminate/Pipeline/Pipeline.php(219): Illuminate/Routing/Middleware/SubstituteBindings->handle(Object(Illuminate/Http/Request), Object(Closure))
#22 D:/PROJECT WORK/WonNyaciRun/vendor/laravel/framework/src/Illuminate/Foundation/Http/Middleware/VerifyCsrfToken.php(87): Illuminate/Pipeline/Pipeline->Illuminate/Pipeline/{closure}(Object(Illuminate/Http/Request))
#23 D:/PROJECT WORK/WonNyaciRun/vendor/laravel/framework/src/Illuminate/Pipeline/Pipeline.php(219): Illuminate/Foundation/Http/Middleware/VerifyCsrfToken->handle(Object(Illuminate/Http/Request), Object(Closure))
#24 D:/PROJECT WORK/WonNyaciRun/vendor/laravel/framework/src/Illuminate/View/Middleware/ShareErrorsFromSession.php(48): Illuminate/Pipeline/Pipeline->Illuminate/Pipeline/{closure}(Object(Illuminate/Http/Request))
#25 D:/PROJECT WORK/WonNyaciRun/vendor/laravel/framework/src/Illuminate/Pipeline/Pipeline.php(219): Illuminate/View/Middleware/ShareErrorsFromSession->handle(Object(Illuminate/Http/Request), Object(Closure))
#26 D:/PROJECT WORK/WonNyaciRun/vendor/laravel/framework/src/Illuminate/Session/Middleware/StartSession.php(120): Illuminate/Pipeline/Pipeline->Illuminate/Pipeline/{closure}(Object(Illuminate/Http/Request))
#27 D:/PROJECT WORK/WonNyaciRun/vendor/laravel/framework/src/Illuminate/Session/Middleware/StartSession.php(63): Illuminate/Session/Middleware/StartSession->handleStatefulRequest(Object(Illuminate/Http/Request), Object(Illuminate/Session/Store), Object(Closure))
#28 D:/PROJECT WORK/WonNyaciRun/vendor/laravel/framework/src/Illuminate/Pipeline/Pipeline.php(219): Illuminate/Session/Middleware/StartSession->handle(Object(Illuminate/Http/Request), Object(Closure))
#29 D:/PROJECT WORK/WonNyaciRun/vendor/laravel/framework/src/Illuminate/Cookie/Middleware/AddQueuedCookiesToResponse.php(36): Illuminate/Pipeline/Pipeline->Illuminate/Pipeline/{closure}(Object(Illuminate/Http/Request))
#30 D:/PROJECT WORK/WonNyaciRun/vendor/laravel/framework/src/Illuminate/Pipeline/Pipeline.php(219): Illuminate/Cookie/Middleware/AddQueuedCookiesToResponse->handle(Object(Illuminate/Http/Request), Object(Closure))
#31 D:/PROJECT WORK/WonNyaciRun/vendor/laravel/framework/src/Illuminate/Cookie/Middleware/EncryptCookies.php(74): Illuminate/Pipeline/Pipeline->Illuminate/Pipeline/{closure}(Object(Illuminate/Http/Request))
#32 D:/PROJECT WORK/WonNyaciRun/vendor/laravel/framework/src/Illuminate/Pipeline/Pipeline.php(219): Illuminate/Cookie/Middleware/EncryptCookies->handle(Object(Illuminate/Http/Request), Object(Closure))
#33 D:/PROJECT WORK/WonNyaciRun/vendor/laravel/framework/src/Illuminate/Pipeline/Pipeline.php(137): Illuminate/Pipeline/Pipeline->Illuminate/Pipeline/{closure}(Object(Illuminate/Http/Request))
#34 D:/PROJECT WORK/WonNyaciRun/vendor/laravel/framework/src/Illuminate/Routing/Router.php(821): Illuminate/Pipeline/Pipeline->then(Object(Closure))
#35 D:/PROJECT WORK/WonNyaciRun/vendor/laravel/framework/src/Illuminate/Routing/Router.php(800): Illuminate/Routing/Router->runRouteWithinStack(Object(Illuminate/Routing/Route), Object(Illuminate/Http/Request))
#36 D:/PROJECT WORK/WonNyaciRun/vendor/laravel/framework/src/Illuminate/Routing/Router.php(764): Illuminate/Routing/Router->runRoute(Object(Illuminate/Http/Request), Object(Illuminate/Routing/Route))
#37 D:/PROJECT WORK/WonNyaciRun/vendor/laravel/framework/src/Illuminate/Routing/Router.php(753): Illuminate/Routing/Router->dispatchToRoute(Object(Illuminate/Http/Request))
#38 D:/PROJECT WORK/WonNyaciRun/vendor/laravel/framework/src/Illuminate/Foundation/Http/Kernel.php(200): Illuminate/Routing/Router->dispatch(Object(Illuminate/Http/Request))
#39 D:/PROJECT WORK/WonNyaciRun/vendor/laravel/framework/src/Illuminate/Pipeline/Pipeline.php(180): Illuminate/Foundation/Http/Kernel->Illuminate/Foundation/Http/{closure}(Object(Illuminate/Http/Request))
#40 D:/PROJECT WORK/WonNyaciRun/vendor/laravel/framework/src/Illuminate/Foundation/Http/Middleware/TransformsRequest.php(21): Illuminate/Pipeline/Pipeline->Illuminate/Pipeline/{closure}(Object(Illuminate/Http/Request))
#41 D:/PROJECT WORK/WonNyaciRun/vendor/laravel/framework/src/Illuminate/Foundation/Http/Middleware/ConvertEmptyStringsToNull.php(31): Illuminate/Foundation/Http/Middleware/TransformsRequest->handle(Object(Illuminate/Http/Request), Object(Closure))
#42 D:/PROJECT WORK/WonNyaciRun/vendor/laravel/framework/src/Illuminate/Pipeline/Pipeline.php(219): Illuminate/Foundation/Http/Middleware/ConvertEmptyStringsToNull->handle(Object(Illuminate/Http/Request), Object(Closure))
#43 D:/PROJECT WORK/WonNyaciRun/vendor/laravel/framework/src/Illuminate/Foundation/Http/Middleware/TransformsRequest.php(21): Illuminate/Pipeline/Pipeline->Illuminate/Pipeline/{closure}(Object(Illuminate/Http/Request))
#44 D:/PROJECT WORK/WonNyaciRun/vendor/laravel/framework/src/Illuminate/Foundation/Http/Middleware/TrimStrings.php(51): Illuminate/Foundation/Http/Middleware/TransformsRequest->handle(Object(Illuminate/Http/Request), Object(Closure))
#45 D:/PROJECT WORK/WonNyaciRun/vendor/laravel/framework/src/Illuminate/Pipeline/Pipeline.php(219): Illuminate/Foundation/Http/Middleware/TrimStrings->handle(Object(Illuminate/Http/Request), Object(Closure))
#46 D:/PROJECT WORK/WonNyaciRun/vendor/laravel/framework/src/Illuminate/Http/Middleware/ValidatePostSize.php(27): Illuminate/Pipeline/Pipeline->Illuminate/Pipeline/{closure}(Object(Illuminate/Http/Request))
#47 D:/PROJECT WORK/WonNyaciRun/vendor/laravel/framework/src/Illuminate/Pipeline/Pipeline.php(219): Illuminate/Http/Middleware/ValidatePostSize->handle(Object(Illuminate/Http/Request), Object(Closure))
#48 D:/PROJECT WORK/WonNyaciRun/vendor/laravel/framework/src/Illuminate/Foundation/Http/Middleware/PreventRequestsDuringMaintenance.php(109): Illuminate/Pipeline/Pipeline->Illuminate/Pipeline/{closure}(Object(Illuminate/Http/Request))
#49 D:/PROJECT WORK/WonNyaciRun/vendor/laravel/framework/src/Illuminate/Pipeline/Pipeline.php(219): Illuminate/Foundation/Http/Middleware/PreventRequestsDuringMaintenance->handle(Object(Illuminate/Http/Request), Object(Closure))
#50 D:/PROJECT WORK/WonNyaciRun/vendor/laravel/framework/src/Illuminate/Http/Middleware/HandleCors.php(61): Illuminate/Pipeline/Pipeline->Illuminate/Pipeline/{closure}(Object(Illuminate/Http/Request))
#51 D:/PROJECT WORK/WonNyaciRun/vendor/laravel/framework/src/Illuminate/Pipeline/Pipeline.php(219): Illuminate/Http/Middleware/HandleCors->handle(Object(Illuminate/Http/Request), Object(Closure))
#52 D:/PROJECT WORK/WonNyaciRun/vendor/laravel/framework/src/Illuminate/Http/Middleware/TrustProxies.php(58): Illuminate/Pipeline/Pipeline->Illuminate/Pipeline/{closure}(Object(Illuminate/Http/Request))
#53 D:/PROJECT WORK/WonNyaciRun/vendor/laravel/framework/src/Illuminate/Pipeline/Pipeline.php(219): Illuminate/Http/Middleware/TrustProxies->handle(Object(Illuminate/Http/Request), Object(Closure))
#54 D:/PROJECT WORK/WonNyaciRun/vendor/laravel/framework/src/Illuminate/Foundation/Http/Middleware/InvokeDeferredCallbacks.php(22): Illuminate/Pipeline/Pipeline->Illuminate/Pipeline/{closure}(Object(Illuminate/Http/Request))
#55 D:/PROJECT WORK/WonNyaciRun/vendor/laravel/framework/src/Illuminate/Pipeline/Pipeline.php(219): Illuminate/Foundation/Http/Middleware/InvokeDeferredCallbacks->handle(Object(Illuminate/Http/Request), Object(Closure))
#56 D:/PROJECT WORK/WonNyaciRun/vendor/laravel/framework/src/Illuminate/Http/Middleware/ValidatePathEncoding.php(26): Illuminate/Pipeline/Pipeline->Illuminate/Pipeline/{closure}(Object(Illuminate/Http/Request))
#57 D:/PROJECT WORK/WonNyaciRun/vendor/laravel/framework/src/Illuminate/Pipeline/Pipeline.php(219): Illuminate/Http/Middleware/ValidatePathEncoding->handle(Object(Illuminate/Http/Request), Object(Closure))
#58 D:/PROJECT WORK/WonNyaciRun/vendor/laravel/framework/src/Illuminate/Pipeline/Pipeline.php(137): Illuminate/Pipeline/Pipeline->Illuminate/Pipeline/{closure}(Object(Illuminate/Http/Request))
#59 D:/PROJECT WORK/WonNyaciRun/vendor/laravel/framework/src/Illuminate/Foundation/Http/Kernel.php(175): Illuminate/Pipeline/Pipeline->then(Object(Closure))
#60 D:/PROJECT WORK/WonNyaciRun/vendor/laravel/framework/src/Illuminate/Foundation/Http/Kernel.php(144): Illuminate/Foundation/Http/Kernel->sendRequestThroughRouter(Object(Illuminate/Http/Request))
#61 D:/PROJECT WORK/WonNyaciRun/vendor/laravel/framework/src/Illuminate/Foundation/Application.php(1220): Illuminate/Foundation/Http/Kernel->handle(Object(Illuminate/Http/Request))
#62 D:/PROJECT WORK/WonNyaciRun/public/index.php(7): Illuminate/Foundation/Application->handleRequest(Object(Illuminate/Http/Request))
#63 D:/PROJECT WORK/WonNyaciRun/vendor/laravel/framework/src/Illuminate/Foundation/resources/server.php(23): require_once('D://PROJECT WORK...')
#64 {main}
"} 
[2026-09-14 10:51:10] local.ERROR: Class "App\Http\Controllers\Controller" not found {"exception":"[object] (Error(code: 0): Class \"App\\Http\\Controllers\\Controller\" not found at D:/PROJECT WORK/WonNyaciRun/app/Http/Controllers/PublicController.php:8)
[stacktrace]
#0 D:/PROJECT WORK/WonNyaciRun/vendor/composer/ClassLoader.php(576): include()
#1 D:/PROJECT WORK/WonNyaciRun/vendor/composer/ClassLoader.php(427): Composer/Autoload/{closure}('D://PROJECT WORK...')
#2 [internal function]: Composer/Autoload/ClassLoader->loadClass('App//Http//Contro...')
#3 D:/PROJECT WORK/WonNyaciRun/vendor/laravel/framework/src/Illuminate/Routing/Route.php(1125): is_a('App//Http//Contro...', 'Illuminate//Rout...', true)
#4 D:/PROJECT WORK/WonNyaciRun/vendor/laravel/framework/src/Illuminate/Routing/Route.php(1062): Illuminate/Routing/Route->controllerMiddleware()
#5 D:/PROJECT WORK/WonNyaciRun/vendor/laravel/framework/src/Illuminate/Routing/Router.php(834): Illuminate/Routing/Route->gatherMiddleware()
#6 D:/PROJECT WORK/WonNyaciRun/vendor/laravel/framework/src/Illuminate/Routing/Router.php(816): Illuminate/Routing/Router->gatherRouteMiddleware(Object(Illuminate/Routing/Route))
#7 D:/PROJECT WORK/WonNyaciRun/vendor/laravel/framework/src/Illuminate/Routing/Router.php(800): Illuminate/Routing/Router->runRouteWithinStack(Object(Illuminate/Routing/Route), Object(Illuminate/Http/Request))
#8 D:/PROJECT WORK/WonNyaciRun/vendor/laravel/framework/src/Illuminate/Routing/Router.php(764): Illuminate/Routing/Router->runRoute(Object(Illuminate/Http/Request), Object(Illuminate/Routing/Route))
#9 D:/PROJECT WORK/WonNyaciRun/vendor/laravel/framework/src/Illuminate/Routing/Router.php(753): Illuminate/Routing/Router->dispatchToRoute(Object(Illuminate/Http/Request))
#10 D:/PROJECT WORK/WonNyaciRun/vendor/laravel/framework/src/Illuminate/Foundation/Http/Kernel.php(200): Illuminate/Routing/Router->dispatch(Object(Illuminate/Http/Request))
#11 D:/PROJECT WORK/WonNyaciRun/vendor/laravel/framework/src/Illuminate/Pipeline/Pipeline.php(180): Illuminate/Foundation/Http/Kernel->Illuminate/Foundation/Http/{closure}(Object(Illuminate/Http/Request))
#12 D:/PROJECT WORK/WonNyaciRun/vendor/laravel/framework/src/Illuminate/Foundation/Http/Middleware/TransformsRequest.php(21): Illuminate/Pipeline/Pipeline->Illuminate/Pipeline/{closure}(Object(Illuminate/Http/Request))
#13 D:/PROJECT WORK/WonNyaciRun/vendor/laravel/framework/src/Illuminate/Foundation/Http/Middleware/ConvertEmptyStringsToNull.php(31): Illuminate/Foundation/Http/Middleware/TransformsRequest->handle(Object(Illuminate/Http/Request), Object(Closure))
#14 D:/PROJECT WORK/WonNyaciRun/vendor/laravel/framework/src/Illuminate/Pipeline/Pipeline.php(219): Illuminate/Foundation/Http/Middleware/ConvertEmptyStringsToNull->handle(Object(Illuminate/Http/Request), Object(Closure))
#15 D:/PROJECT WORK/WonNyaciRun/vendor/laravel/framework/src/Illuminate/Foundation/Http/Middleware/TransformsRequest.php(21): Illuminate/Pipeline/Pipeline->Illuminate/Pipeline/{closure}(Object(Illuminate/Http/Request))
#16 D:/PROJECT WORK/WonNyaciRun/vendor/laravel/framework/src/Illuminate/Foundation/Http/Middleware/TrimStrings.php(51): Illuminate/Foundation/Http/Middleware/TransformsRequest->handle(Object(Illuminate/Http/Request), Object(Closure))
#17 D:/PROJECT WORK/WonNyaciRun/vendor/laravel/framework/src/Illuminate/Pipeline/Pipeline.php(219): Illuminate/Foundation/Http/Middleware/TrimStrings->handle(Object(Illuminate/Http/Request), Object(Closure))
#18 D:/PROJECT WORK/WonNyaciRun/vendor/laravel/framework/src/Illuminate/Http/Middleware/ValidatePostSize.php(27): Illuminate/Pipeline/Pipeline->Illuminate/Pipeline/{closure}(Object(Illuminate/Http/Request))
#19 D:/PROJECT WORK/WonNyaciRun/vendor/laravel/framework/src/Illuminate/Pipeline/Pipeline.php(219): Illuminate/Http/Middleware/ValidatePostSize->handle(Object(Illuminate/Http/Request), Object(Closure))
#20 D:/PROJECT WORK/WonNyaciRun/vendor/laravel/framework/src/Illuminate/Foundation/Http/Middleware/PreventRequestsDuringMaintenance.php(109): Illuminate/Pipeline/Pipeline->Illuminate/Pipeline/{closure}(Object(Illuminate/Http/Request))
#21 D:/PROJECT WORK/WonNyaciRun/vendor/laravel/framework/src/Illuminate/Pipeline/Pipeline.php(219): Illuminate/Foundation/Http/Middleware/PreventRequestsDuringMaintenance->handle(Object(Illuminate/Http/Request), Object(Closure))
#22 D:/PROJECT WORK/WonNyaciRun/vendor/laravel/framework/src/Illuminate/Http/Middleware/HandleCors.php(74): Illuminate/Pipeline/Pipeline->Illuminate/Pipeline/{closure}(Object(Illuminate/Http/Request))
#23 D:/PROJECT WORK/WonNyaciRun/vendor/laravel/framework/src/Illuminate/Pipeline/Pipeline.php(219): Illuminate/Http/Middleware/HandleCors->handle(Object(Illuminate/Http/Request), Object(Closure))
#24 D:/PROJECT WORK/WonNyaciRun/vendor/laravel/framework/src/Illuminate/Http/Middleware/TrustProxies.php(58): Illuminate/Pipeline/Pipeline->Illuminate/Pipeline/{closure}(Object(Illuminate/Http/Request))
#25 D:/PROJECT WORK/WonNyaciRun/vendor/laravel/framework/src/Illuminate/Pipeline/Pipeline.php(219): Illuminate/Http/Middleware/TrustProxies->handle(Object(Illuminate/Http/Request), Object(Closure))
#26 D:/PROJECT WORK/WonNyaciRun/vendor/laravel/framework/src/Illuminate/Foundation/Http/Middleware/InvokeDeferredCallbacks.php(22): Illuminate/Pipeline/Pipeline->Illuminate/Pipeline/{closure}(Object(Illuminate/Http/Request))
#27 D:/PROJECT WORK/WonNyaciRun/vendor/laravel/framework/src/Illuminate/Pipeline/Pipeline.php(219): Illuminate/Foundation/Http/Middleware/InvokeDeferredCallbacks->handle(Object(Illuminate/Http/Request), Object(Closure))
#28 D:/PROJECT WORK/WonNyaciRun/vendor/laravel/framework/src/Illuminate/Http/Middleware/ValidatePathEncoding.php(26): Illuminate/Pipeline/Pipeline->Illuminate/Pipeline/{closure}(Object(Illuminate/Http/Request))
#29 D:/PROJECT WORK/WonNyaciRun/vendor/laravel/framework/src/Illuminate/Pipeline/Pipeline.php(219): Illuminate/Http/Middleware/ValidatePathEncoding->handle(Object(Illuminate/Http/Request), Object(Closure))
#30 D:/PROJECT WORK/WonNyaciRun/vendor/laravel/framework/src/Illuminate/Pipeline/Pipeline.php(137): Illuminate/Pipeline/Pipeline->Illuminate/Pipeline/{closure}(Object(Illuminate/Http/Request))
#31 D:/PROJECT WORK/WonNyaciRun/vendor/laravel/framework/src/Illuminate/Foundation/Http/Kernel.php(175): Illuminate/Pipeline/Pipeline->then(Object(Closure))
#32 D:/PROJECT WORK/WonNyaciRun/vendor/laravel/framework/src/Illuminate/Foundation/Http/Kernel.php(144): Illuminate/Foundation/Http/Kernel->sendRequestThroughRouter(Object(Illuminate/Http/Request))
#33 D:/PROJECT WORK/WonNyaciRun/vendor/laravel/framework/src/Illuminate/Foundation/Application.php(1220): Illuminate/Foundation/Http/Kernel->handle(Object(Illuminate/Http/Request))
#34 D:/PROJECT WORK/WonNyaciRun/public/index.php(7): Illuminate/Foundation/Application->handleRequest(Object(Illuminate/Http/Request))
#35 D:/PROJECT WORK/WonNyaciRun/vendor/laravel/framework/src/Illuminate/Foundation/resources/server.php(23): require_once('D://PROJECT WORK...')
#36 {main}
"} 
[2026-09-14 10:52:15] local.ERROR: Class "App\Http\Controllers\Controller" not found {"exception":"[object] (Error(code: 0): Class \"App\\Http\\Controllers\\Controller\" not found at D:/PROJECT WORK/WonNyaciRun/app/Http/Controllers/PublicController.php:8)
[stacktrace]
#0 D:/PROJECT WORK/WonNyaciRun/vendor/composer/ClassLoader.php(576): include()
#1 D:/PROJECT WORK/WonNyaciRun/vendor/composer/ClassLoader.php(427): Composer/Autoload/{closure}('D://PROJECT WORK...')
#2 [internal function]: Composer/Autoload/ClassLoader->loadClass('App//Http//Contro...')
#3 D:/PROJECT WORK/WonNyaciRun/vendor/laravel/framework/src/Illuminate/Routing/Route.php(1125): is_a('App//Http//Contro...', 'Illuminate//Rout...', true)
#4 D:/PROJECT WORK/WonNyaciRun/vendor/laravel/framework/src/Illuminate/Routing/Route.php(1062): Illuminate/Routing/Route->controllerMiddleware()
#5 D:/PROJECT WORK/WonNyaciRun/vendor/laravel/framework/src/Illuminate/Routing/Router.php(834): Illuminate/Routing/Route->gatherMiddleware()
#6 D:/PROJECT WORK/WonNyaciRun/vendor/laravel/framework/src/Illuminate/Routing/Router.php(816): Illuminate/Routing/Router->gatherRouteMiddleware(Object(Illuminate/Routing/Route))
#7 D:/PROJECT WORK/WonNyaciRun/vendor/laravel/framework/src/Illuminate/Routing/Router.php(800): Illuminate/Routing/Router->runRouteWithinStack(Object(Illuminate/Routing/Route), Object(Illuminate/Http/Request))
#8 D:/PROJECT WORK/WonNyaciRun/vendor/laravel/framework/src/Illuminate/Routing/Router.php(764): Illuminate/Routing/Router->runRoute(Object(Illuminate/Http/Request), Object(Illuminate/Routing/Route))
#9 D:/PROJECT WORK/WonNyaciRun/vendor/laravel/framework/src/Illuminate/Routing/Router.php(753): Illuminate/Routing/Router->dispatchToRoute(Object(Illuminate/Http/Request))
#10 D:/PROJECT WORK/WonNyaciRun/vendor/laravel/framework/src/Illuminate/Foundation/Http/Kernel.php(200): Illuminate/Routing/Router->dispatch(Object(Illuminate/Http/Request))
#11 D:/PROJECT WORK/WonNyaciRun/vendor/laravel/framework/src/Illuminate/Pipeline/Pipeline.php(180): Illuminate/Foundation/Http/Kernel->Illuminate/Foundation/Http/{closure}(Object(Illuminate/Http/Request))
#12 D:/PROJECT WORK/WonNyaciRun/vendor/laravel/framework/src/Illuminate/Foundation/Http/Middleware/TransformsRequest.php(21): Illuminate/Pipeline/Pipeline->Illuminate/Pipeline/{closure}(Object(Illuminate/Http/Request))
#13 D:/PROJECT WORK/WonNyaciRun/vendor/laravel/framework/src/Illuminate/Foundation/Http/Middleware/ConvertEmptyStringsToNull.php(31): Illuminate/Foundation/Http/Middleware/TransformsRequest->handle(Object(Illuminate/Http/Request), Object(Closure))
#14 D:/PROJECT WORK/WonNyaciRun/vendor/laravel/framework/src/Illuminate/Pipeline/Pipeline.php(219): Illuminate/Foundation/Http/Middleware/ConvertEmptyStringsToNull->handle(Object(Illuminate/Http/Request), Object(Closure))
#15 D:/PROJECT WORK/WonNyaciRun/vendor/laravel/framework/src/Illuminate/Foundation/Http/Middleware/TransformsRequest.php(21): Illuminate/Pipeline/Pipeline->Illuminate/Pipeline/{closure}(Object(Illuminate/Http/Request))
#16 D:/PROJECT WORK/WonNyaciRun/vendor/laravel/framework/src/Illuminate/Foundation/Http/Middleware/TrimStrings.php(51): Illuminate/Foundation/Http/Middleware/TransformsRequest->handle(Object(Illuminate/Http/Request), Object(Closure))
#17 D:/PROJECT WORK/WonNyaciRun/vendor/laravel/framework/src/Illuminate/Pipeline/Pipeline.php(219): Illuminate/Foundation/Http/Middleware/TrimStrings->handle(Object(Illuminate/Http/Request), Object(Closure))
#18 D:/PROJECT WORK/WonNyaciRun/vendor/laravel/framework/src/Illuminate/Http/Middleware/ValidatePostSize.php(27): Illuminate/Pipeline/Pipeline->Illuminate/Pipeline/{closure}(Object(Illuminate/Http/Request))
#19 D:/PROJECT WORK/WonNyaciRun/vendor/laravel/framework/src/Illuminate/Pipeline/Pipeline.php(219): Illuminate/Http/Middleware/ValidatePostSize->handle(Object(Illuminate/Http/Request), Object(Closure))
#20 D:/PROJECT WORK/WonNyaciRun/vendor/laravel/framework/src/Illuminate/Foundation/Http/Middleware/PreventRequestsDuringMaintenance.php(109): Illuminate/Pipeline/Pipeline->Illuminate/Pipeline/{closure}(Object(Illuminate/Http/Request))
#21 D:/PROJECT WORK/WonNyaciRun/vendor/laravel/framework/src/Illuminate/Pipeline/Pipeline.php(219): Illuminate/Foundation/Http/Middleware/PreventRequestsDuringMaintenance->handle(Object(Illuminate/Http/Request), Object(Closure))
#22 D:/PROJECT WORK/WonNyaciRun/vendor/laravel/framework/src/Illuminate/Http/Middleware/HandleCors.php(74): Illuminate/Pipeline/Pipeline->Illuminate/Pipeline/{closure}(Object(Illuminate/Http/Request))
#23 D:/PROJECT WORK/WonNyaciRun/vendor/laravel/framework/src/Illuminate/Pipeline/Pipeline.php(219): Illuminate/Http/Middleware/HandleCors->handle(Object(Illuminate/Http/Request), Object(Closure))
#24 D:/PROJECT WORK/WonNyaciRun/vendor/laravel/framework/src/Illuminate/Http/Middleware/TrustProxies.php(58): Illuminate/Pipeline/Pipeline->Illuminate/Pipeline/{closure}(Object(Illuminate/Http/Request))
#25 D:/PROJECT WORK/WonNyaciRun/vendor/laravel/framework/src/Illuminate/Pipeline/Pipeline.php(219): Illuminate/Http/Middleware/TrustProxies->handle(Object(Illuminate/Http/Request), Object(Closure))
#26 D:/PROJECT WORK/WonNyaciRun/vendor/laravel/framework/src/Illuminate/Foundation/Http/Middleware/InvokeDeferredCallbacks.php(22): Illuminate/Pipeline/Pipeline->Illuminate/Pipeline/{closure}(Object(Illuminate/Http/Request))
#27 D:/PROJECT WORK/WonNyaciRun/vendor/laravel/framework/src/Illuminate/Pipeline/Pipeline.php(219): Illuminate/Foundation/Http/Middleware/InvokeDeferredCallbacks->handle(Object(Illuminate/Http/Request), Object(Closure))
#28 D:/PROJECT WORK/WonNyaciRun/vendor/laravel/framework/src/Illuminate/Http/Middleware/ValidatePathEncoding.php(26): Illuminate/Pipeline/Pipeline->Illuminate/Pipeline/{closure}(Object(Illuminate/Http/Request))
#29 D:/PROJECT WORK/WonNyaciRun/vendor/laravel/framework/src/Illuminate/Pipeline/Pipeline.php(219): Illuminate/Http/Middleware/ValidatePathEncoding->handle(Object(Illuminate/Http/Request), Object(Closure))
#30 D:/PROJECT WORK/WonNyaciRun/vendor/laravel/framework/src/Illuminate/Pipeline/Pipeline.php(137): Illuminate/Pipeline/Pipeline->Illuminate/Pipeline/{closure}(Object(Illuminate/Http/Request))
#31 D:/PROJECT WORK/WonNyaciRun/vendor/laravel/framework/src/Illuminate/Foundation/Http/Kernel.php(175): Illuminate/Pipeline/Pipeline->then(Object(Closure))
#32 D:/PROJECT WORK/WonNyaciRun/vendor/laravel/framework/src/Illuminate/Foundation/Http/Kernel.php(144): Illuminate/Foundation/Http/Kernel->sendRequestThroughRouter(Object(Illuminate/Http/Request))
#33 D:/PROJECT WORK/WonNyaciRun/vendor/laravel/framework/src/Illuminate/Foundation/Application.php(1220): Illuminate/Foundation/Http/Kernel->handle(Object(Illuminate/Http/Request))
#34 D:/PROJECT WORK/WonNyaciRun/public/index.php(7): Illuminate/Foundation/Application->handleRequest(Object(Illuminate/Http/Request))
#35 D:/PROJECT WORK/WonNyaciRun/vendor/laravel/framework/src/Illuminate/Foundation/resources/server.php(23): require_once('D://PROJECT WORK...')
#36 {main}
"} 
[2026-09-14 10:54:31] local.ERROR: Class "App\Http\Controllers\Controller" not found {"exception":"[object] (Error(code: 0): Class \"App\\Http\\Controllers\\Controller\" not found at D:/PROJECT WORK/WonNyaciRun/app/Http/Controllers/PublicController.php:8)
[stacktrace]
#0 D:/PROJECT WORK/WonNyaciRun/vendor/composer/ClassLoader.php(576): include()
#1 D:/PROJECT WORK/WonNyaciRun/vendor/composer/ClassLoader.php(427): Composer/Autoload/{closure}('D://PROJECT WORK...')
#2 [internal function]: Composer/Autoload/ClassLoader->loadClass('App//Http//Contro...')
#3 D:/PROJECT WORK/WonNyaciRun/vendor/laravel/framework/src/Illuminate/Routing/Route.php(1125): is_a('App//Http//Contro...', 'Illuminate//Rout...', true)
#4 D:/PROJECT WORK/WonNyaciRun/vendor/laravel/framework/src/Illuminate/Routing/Route.php(1062): Illuminate/Routing/Route->controllerMiddleware()
#5 D:/PROJECT WORK/WonNyaciRun/vendor/laravel/framework/src/Illuminate/Routing/Router.php(834): Illuminate/Routing/Route->gatherMiddleware()
#6 D:/PROJECT WORK/WonNyaciRun/vendor/laravel/framework/src/Illuminate/Routing/Router.php(816): Illuminate/Routing/Router->gatherRouteMiddleware(Object(Illuminate/Routing/Route))
#7 D:/PROJECT WORK/WonNyaciRun/vendor/laravel/framework/src/Illuminate/Routing/Router.php(800): Illuminate/Routing/Router->runRouteWithinStack(Object(Illuminate/Routing/Route), Object(Illuminate/Http/Request))
#8 D:/PROJECT WORK/WonNyaciRun/vendor/laravel/framework/src/Illuminate/Routing/Router.php(764): Illuminate/Routing/Router->runRoute(Object(Illuminate/Http/Request), Object(Illuminate/Routing/Route))
#9 D:/PROJECT WORK/WonNyaciRun/vendor/laravel/framework/src/Illuminate/Routing/Router.php(753): Illuminate/Routing/Router->dispatchToRoute(Object(Illuminate/Http/Request))
#10 D:/PROJECT WORK/WonNyaciRun/vendor/laravel/framework/src/Illuminate/Foundation/Http/Kernel.php(200): Illuminate/Routing/Router->dispatch(Object(Illuminate/Http/Request))
#11 D:/PROJECT WORK/WonNyaciRun/vendor/laravel/framework/src/Illuminate/Pipeline/Pipeline.php(180): Illuminate/Foundation/Http/Kernel->Illuminate/Foundation/Http/{closure}(Object(Illuminate/Http/Request))
#12 D:/PROJECT WORK/WonNyaciRun/vendor/laravel/framework/src/Illuminate/Foundation/Http/Middleware/TransformsRequest.php(21): Illuminate/Pipeline/Pipeline->Illuminate/Pipeline/{closure}(Object(Illuminate/Http/Request))
#13 D:/PROJECT WORK/WonNyaciRun/vendor/laravel/framework/src/Illuminate/Foundation/Http/Middleware/ConvertEmptyStringsToNull.php(31): Illuminate/Foundation/Http/Middleware/TransformsRequest->handle(Object(Illuminate/Http/Request), Object(Closure))
#14 D:/PROJECT WORK/WonNyaciRun/vendor/laravel/framework/src/Illuminate/Pipeline/Pipeline.php(219): Illuminate/Foundation/Http/Middleware/ConvertEmptyStringsToNull->handle(Object(Illuminate/Http/Request), Object(Closure))
#15 D:/PROJECT WORK/WonNyaciRun/vendor/laravel/framework/src/Illuminate/Foundation/Http/Middleware/TransformsRequest.php(21): Illuminate/Pipeline/Pipeline->Illuminate/Pipeline/{closure}(Object(Illuminate/Http/Request))
#16 D:/PROJECT WORK/WonNyaciRun/vendor/laravel/framework/src/Illuminate/Foundation/Http/Middleware/TrimStrings.php(51): Illuminate/Foundation/Http/Middleware/TransformsRequest->handle(Object(Illuminate/Http/Request), Object(Closure))
#17 D:/PROJECT WORK/WonNyaciRun/vendor/laravel/framework/src/Illuminate/Pipeline/Pipeline.php(219): Illuminate/Foundation/Http/Middleware/TrimStrings->handle(Object(Illuminate/Http/Request), Object(Closure))
#18 D:/PROJECT WORK/WonNyaciRun/vendor/laravel/framework/src/Illuminate/Http/Middleware/ValidatePostSize.php(27): Illuminate/Pipeline/Pipeline->Illuminate/Pipeline/{closure}(Object(Illuminate/Http/Request))
#19 D:/PROJECT WORK/WonNyaciRun/vendor/laravel/framework/src/Illuminate/Pipeline/Pipeline.php(219): Illuminate/Http/Middleware/ValidatePostSize->handle(Object(Illuminate/Http/Request), Object(Closure))
#20 D:/PROJECT WORK/WonNyaciRun/vendor/laravel/framework/src/Illuminate/Foundation/Http/Middleware/PreventRequestsDuringMaintenance.php(109): Illuminate/Pipeline/Pipeline->Illuminate/Pipeline/{closure}(Object(Illuminate/Http/Request))
#21 D:/PROJECT WORK/WonNyaciRun/vendor/laravel/framework/src/Illuminate/Pipeline/Pipeline.php(219): Illuminate/Foundation/Http/Middleware/PreventRequestsDuringMaintenance->handle(Object(Illuminate/Http/Request), Object(Closure))
#22 D:/PROJECT WORK/WonNyaciRun/vendor/laravel/framework/src/Illuminate/Http/Middleware/HandleCors.php(74): Illuminate/Pipeline/Pipeline->Illuminate/Pipeline/{closure}(Object(Illuminate/Http/Request))
#23 D:/PROJECT WORK/WonNyaciRun/vendor/laravel/framework/src/Illuminate/Pipeline/Pipeline.php(219): Illuminate/Http/Middleware/HandleCors->handle(Object(Illuminate/Http/Request), Object(Closure))
#24 D:/PROJECT WORK/WonNyaciRun/vendor/laravel/framework/src/Illuminate/Http/Middleware/TrustProxies.php(58): Illuminate/Pipeline/Pipeline->Illuminate/Pipeline/{closure}(Object(Illuminate/Http/Request))
#25 D:/PROJECT WORK/WonNyaciRun/vendor/laravel/framework/src/Illuminate/Pipeline/Pipeline.php(219): Illuminate/Http/Middleware/TrustProxies->handle(Object(Illuminate/Http/Request), Object(Closure))
#26 D:/PROJECT WORK/WonNyaciRun/vendor/laravel/framework/src/Illuminate/Foundation/Http/Middleware/InvokeDeferredCallbacks.php(22): Illuminate/Pipeline/Pipeline->Illuminate/Pipeline/{closure}(Object(Illuminate/Http/Request))
#27 D:/PROJECT WORK/WonNyaciRun/vendor/laravel/framework/src/Illuminate/Pipeline/Pipeline.php(219): Illuminate/Foundation/Http/Middleware/InvokeDeferredCallbacks->handle(Object(Illuminate/Http/Request), Object(Closure))
#28 D:/PROJECT WORK/WonNyaciRun/vendor/laravel/framework/src/Illuminate/Http/Middleware/ValidatePathEncoding.php(26): Illuminate/Pipeline/Pipeline->Illuminate/Pipeline/{closure}(Object(Illuminate/Http/Request))
#29 D:/PROJECT WORK/WonNyaciRun/vendor/laravel/framework/src/Illuminate/Pipeline/Pipeline.php(219): Illuminate/Http/Middleware/ValidatePathEncoding->handle(Object(Illuminate/Http/Request), Object(Closure))
#30 D:/PROJECT WORK/WonNyaciRun/vendor/laravel/framework/src/Illuminate/Pipeline/Pipeline.php(137): Illuminate/Pipeline/Pipeline->Illuminate/Pipeline/{closure}(Object(Illuminate/Http/Request))
#31 D:/PROJECT WORK/WonNyaciRun/vendor/laravel/framework/src/Illuminate/Foundation/Http/Kernel.php(175): Illuminate/Pipeline/Pipeline->then(Object(Closure))
#32 D:/PROJECT WORK/WonNyaciRun/vendor/laravel/framework/src/Illuminate/Foundation/Http/Kernel.php(144): Illuminate/Foundation/Http/Kernel->sendRequestThroughRouter(Object(Illuminate/Http/Request))
#33 D:/PROJECT WORK/WonNyaciRun/vendor/laravel/framework/src/Illuminate/Foundation/Application.php(1220): Illuminate/Foundation/Http/Kernel->handle(Object(Illuminate/Http/Request))
#34 D:/PROJECT WORK/WonNyaciRun/public/index.php(7): Illuminate/Foundation/Application->handleRequest(Object(Illuminate/Http/Request))
#35 D:/PROJECT WORK/WonNyaciRun/vendor/laravel/framework/src/Illuminate/Foundation/resources/server.php(23): require_once('D://PROJECT WORK...')
#36 {main}
"} 
[2026-09-14 10:54:45] local.ERROR: Class "App\Http\Controllers\Controller" not found {"exception":"[object] (Error(code: 0): Class \"App\\Http\\Controllers\\Controller\" not found at D:/PROJECT WORK/WonNyaciRun/app/Http/Controllers/AuthController.php:6)
[stacktrace]
#0 D:/PROJECT WORK/WonNyaciRun/vendor/composer/ClassLoader.php(576): include()
#1 D:/PROJECT WORK/WonNyaciRun/vendor/composer/ClassLoader.php(427): Composer/Autoload/{closure}('D://PROJECT WORK...')
#2 [internal function]: Composer/Autoload/ClassLoader->loadClass('App//Http//Contro...')
#3 D:/PROJECT WORK/WonNyaciRun/vendor/laravel/framework/src/Illuminate/Routing/Route.php(1125): is_a('App//Http//Contro...', 'Illuminate//Rout...', true)
#4 D:/PROJECT WORK/WonNyaciRun/vendor/laravel/framework/src/Illuminate/Routing/Route.php(1062): Illuminate/Routing/Route->controllerMiddleware()
#5 D:/PROJECT WORK/WonNyaciRun/vendor/laravel/framework/src/Illuminate/Routing/Router.php(834): Illuminate/Routing/Route->gatherMiddleware()
#6 D:/PROJECT WORK/WonNyaciRun/vendor/laravel/framework/src/Illuminate/Foundation/Console/RouteListCommand.php(212): Illuminate/Routing/Router->gatherRouteMiddleware(Object(Illuminate/Routing/Route))
#7 D:/PROJECT WORK/WonNyaciRun/vendor/laravel/framework/src/Illuminate/Foundation/Console/RouteListCommand.php(148): Illuminate/Foundation/Console/RouteListCommand->getMiddleware(Object(Illuminate/Routing/Route))
#8 D:/PROJECT WORK/WonNyaciRun/vendor/laravel/framework/src/Illuminate/Foundation/Console/RouteListCommand.php(117): Illuminate/Foundation/Console/RouteListCommand->getRouteInformation(Object(Illuminate/Routing/Route))
#9 [internal function]: Illuminate/Foundation/Console/RouteListCommand->Illuminate/Foundation/Console/{closure}(Object(Illuminate/Routing/Route), 1)
#10 D:/PROJECT WORK/WonNyaciRun/vendor/laravel/framework/src/Illuminate/Collections/Arr.php(841): array_map(Object(Closure), Array, Array)
#11 D:/PROJECT WORK/WonNyaciRun/vendor/laravel/framework/src/Illuminate/Collections/Collection.php(829): Illuminate/Support/Arr::map(Array, Object(Closure))
#12 D:/PROJECT WORK/WonNyaciRun/vendor/laravel/framework/src/Illuminate/Foundation/Console/RouteListCommand.php(117): Illuminate/Support/Collection->map(Object(Closure))
#13 D:/PROJECT WORK/WonNyaciRun/vendor/laravel/framework/src/Illuminate/Foundation/Console/RouteListCommand.php(102): Illuminate/Foundation/Console/RouteListCommand->getRoutes()
#14 D:/PROJECT WORK/WonNyaciRun/vendor/laravel/framework/src/Illuminate/Container/BoundMethod.php(36): Illuminate/Foundation/Console/RouteListCommand->handle()
#15 D:/PROJECT WORK/WonNyaciRun/vendor/laravel/framework/src/Illuminate/Container/Util.php(43): Illuminate/Container/BoundMethod::Illuminate/Container/{closure}()
#16 D:/PROJECT WORK/WonNyaciRun/vendor/laravel/framework/src/Illuminate/Container/BoundMethod.php(96): Illuminate/Container/Util::unwrapIfClosure(Object(Closure))
#17 D:/PROJECT WORK/WonNyaciRun/vendor/laravel/framework/src/Illuminate/Container/BoundMethod.php(35): Illuminate/Container/BoundMethod::callBoundMethod(Object(Illuminate/Foundation/Application), Array, Object(Closure))
#18 D:/PROJECT WORK/WonNyaciRun/vendor/laravel/framework/src/Illuminate/Container/Container.php(799): Illuminate/Container/BoundMethod::call(Object(Illuminate/Foundation/Application), Array, Array, NULL)
#19 D:/PROJECT WORK/WonNyaciRun/vendor/laravel/framework/src/Illuminate/Console/Command.php(211): Illuminate/Container/Container->call(Array)
#20 D:/PROJECT WORK/WonNyaciRun/vendor/symfony/console/Command/Command.php(341): Illuminate/Console/Command->execute(Object(Symfony/Component/Console/Input/ArgvInput), Object(Illuminate/Console/OutputStyle))
#21 D:/PROJECT WORK/WonNyaciRun/vendor/laravel/framework/src/Illuminate/Console/Command.php(180): Symfony/Component/Console/Command/Command->run(Object(Symfony/Component/Console/Input/ArgvInput), Object(Illuminate/Console/OutputStyle))
#22 D:/PROJECT WORK/WonNyaciRun/vendor/symfony/console/Application.php(1117): Illuminate/Console/Command->run(Object(Symfony/Component/Console/Input/ArgvInput), Object(Symfony/Component/Console/Output/ConsoleOutput))
#23 D:/PROJECT WORK/WonNyaciRun/vendor/symfony/console/Application.php(356): Symfony/Component/Console/Application->doRunCommand(Object(Illuminate/Foundation/Console/RouteListCommand), Object(Symfony/Component/Console/Input/ArgvInput), Object(Symfony/Component/Console/Output/ConsoleOutput))
#24 D:/PROJECT WORK/WonNyaciRun/vendor/symfony/console/Application.php(195): Symfony/Component/Console/Application->doRun(Object(Symfony/Component/Console/Input/ArgvInput), Object(Symfony/Component/Console/Output/ConsoleOutput))
#25 D:/PROJECT WORK/WonNyaciRun/vendor/laravel/framework/src/Illuminate/Foundation/Console/Kernel.php(198): Symfony/Component/Console/Application->run(Object(Symfony/Component/Console/Input/ArgvInput), Object(Symfony/Component/Console/Output/ConsoleOutput))
#26 D:/PROJECT WORK/WonNyaciRun/vendor/laravel/framework/src/Illuminate/Foundation/Application.php(1235): Illuminate/Foundation/Console/Kernel->handle(Object(Symfony/Component/Console/Input/ArgvInput), Object(Symfony/Component/Console/Output/ConsoleOutput))
#27 D:/PROJECT WORK/WonNyaciRun/artisan(7): Illuminate/Foundation/Application->handleCommand(Object(Symfony/Component/Console/Input/ArgvInput))
#28 {main}
"} 
[2026-09-14 10:54:50] local.ERROR: Class "App\Http\Controllers\Controller" not found {"exception":"[object] (Error(code: 0): Class \"App\\Http\\Controllers\\Controller\" not found at D:/PROJECT WORK/WonNyaciRun/app/Http/Controllers/PublicController.php:8)
[stacktrace]
#0 D:/PROJECT WORK/WonNyaciRun/vendor/composer/ClassLoader.php(576): include()
#1 D:/PROJECT WORK/WonNyaciRun/vendor/composer/ClassLoader.php(427): Composer/Autoload/{closure}('D://PROJECT WORK...')
#2 [internal function]: Composer/Autoload/ClassLoader->loadClass('App//Http//Contro...')
#3 D:/PROJECT WORK/WonNyaciRun/vendor/laravel/framework/src/Illuminate/Routing/Route.php(1125): is_a('App//Http//Contro...', 'Illuminate//Rout...', true)
#4 D:/PROJECT WORK/WonNyaciRun/vendor/laravel/framework/src/Illuminate/Routing/Route.php(1062): Illuminate/Routing/Route->controllerMiddleware()
#5 D:/PROJECT WORK/WonNyaciRun/vendor/laravel/framework/src/Illuminate/Routing/Router.php(834): Illuminate/Routing/Route->gatherMiddleware()
#6 D:/PROJECT WORK/WonNyaciRun/vendor/laravel/framework/src/Illuminate/Routing/Router.php(816): Illuminate/Routing/Router->gatherRouteMiddleware(Object(Illuminate/Routing/Route))
#7 D:/PROJECT WORK/WonNyaciRun/vendor/laravel/framework/src/Illuminate/Routing/Router.php(800): Illuminate/Routing/Router->runRouteWithinStack(Object(Illuminate/Routing/Route), Object(Illuminate/Http/Request))
#8 D:/PROJECT WORK/WonNyaciRun/vendor/laravel/framework/src/Illuminate/Routing/Router.php(764): Illuminate/Routing/Router->runRoute(Object(Illuminate/Http/Request), Object(Illuminate/Routing/Route))
#9 D:/PROJECT WORK/WonNyaciRun/vendor/laravel/framework/src/Illuminate/Routing/Router.php(753): Illuminate/Routing/Router->dispatchToRoute(Object(Illuminate/Http/Request))
#10 D:/PROJECT WORK/WonNyaciRun/vendor/laravel/framework/src/Illuminate/Foundation/Http/Kernel.php(200): Illuminate/Routing/Router->dispatch(Object(Illuminate/Http/Request))
#11 D:/PROJECT WORK/WonNyaciRun/vendor/laravel/framework/src/Illuminate/Pipeline/Pipeline.php(180): Illuminate/Foundation/Http/Kernel->Illuminate/Foundation/Http/{closure}(Object(Illuminate/Http/Request))
#12 D:/PROJECT WORK/WonNyaciRun/vendor/laravel/framework/src/Illuminate/Foundation/Http/Middleware/TransformsRequest.php(21): Illuminate/Pipeline/Pipeline->Illuminate/Pipeline/{closure}(Object(Illuminate/Http/Request))
#13 D:/PROJECT WORK/WonNyaciRun/vendor/laravel/framework/src/Illuminate/Foundation/Http/Middleware/ConvertEmptyStringsToNull.php(31): Illuminate/Foundation/Http/Middleware/TransformsRequest->handle(Object(Illuminate/Http/Request), Object(Closure))
#14 D:/PROJECT WORK/WonNyaciRun/vendor/laravel/framework/src/Illuminate/Pipeline/Pipeline.php(219): Illuminate/Foundation/Http/Middleware/ConvertEmptyStringsToNull->handle(Object(Illuminate/Http/Request), Object(Closure))
#15 D:/PROJECT WORK/WonNyaciRun/vendor/laravel/framework/src/Illuminate/Foundation/Http/Middleware/TransformsRequest.php(21): Illuminate/Pipeline/Pipeline->Illuminate/Pipeline/{closure}(Object(Illuminate/Http/Request))
#16 D:/PROJECT WORK/WonNyaciRun/vendor/laravel/framework/src/Illuminate/Foundation/Http/Middleware/TrimStrings.php(51): Illuminate/Foundation/Http/Middleware/TransformsRequest->handle(Object(Illuminate/Http/Request), Object(Closure))
#17 D:/PROJECT WORK/WonNyaciRun/vendor/laravel/framework/src/Illuminate/Pipeline/Pipeline.php(219): Illuminate/Foundation/Http/Middleware/TrimStrings->handle(Object(Illuminate/Http/Request), Object(Closure))
#18 D:/PROJECT WORK/WonNyaciRun/vendor/laravel/framework/src/Illuminate/Http/Middleware/ValidatePostSize.php(27): Illuminate/Pipeline/Pipeline->Illuminate/Pipeline/{closure}(Object(Illuminate/Http/Request))
#19 D:/PROJECT WORK/WonNyaciRun/vendor/laravel/framework/src/Illuminate/Pipeline/Pipeline.php(219): Illuminate/Http/Middleware/ValidatePostSize->handle(Object(Illuminate/Http/Request), Object(Closure))
#20 D:/PROJECT WORK/WonNyaciRun/vendor/laravel/framework/src/Illuminate/Foundation/Http/Middleware/PreventRequestsDuringMaintenance.php(109): Illuminate/Pipeline/Pipeline->Illuminate/Pipeline/{closure}(Object(Illuminate/Http/Request))
#21 D:/PROJECT WORK/WonNyaciRun/vendor/laravel/framework/src/Illuminate/Pipeline/Pipeline.php(219): Illuminate/Foundation/Http/Middleware/PreventRequestsDuringMaintenance->handle(Object(Illuminate/Http/Request), Object(Closure))
#22 D:/PROJECT WORK/WonNyaciRun/vendor/laravel/framework/src/Illuminate/Http/Middleware/HandleCors.php(74): Illuminate/Pipeline/Pipeline->Illuminate/Pipeline/{closure}(Object(Illuminate/Http/Request))
#23 D:/PROJECT WORK/WonNyaciRun/vendor/laravel/framework/src/Illuminate/Pipeline/Pipeline.php(219): Illuminate/Http/Middleware/HandleCors->handle(Object(Illuminate/Http/Request), Object(Closure))
#24 D:/PROJECT WORK/WonNyaciRun/vendor/laravel/framework/src/Illuminate/Http/Middleware/TrustProxies.php(58): Illuminate/Pipeline/Pipeline->Illuminate/Pipeline/{closure}(Object(Illuminate/Http/Request))
#25 D:/PROJECT WORK/WonNyaciRun/vendor/laravel/framework/src/Illuminate/Pipeline/Pipeline.php(219): Illuminate/Http/Middleware/TrustProxies->handle(Object(Illuminate/Http/Request), Object(Closure))
#26 D:/PROJECT WORK/WonNyaciRun/vendor/laravel/framework/src/Illuminate/Foundation/Http/Middleware/InvokeDeferredCallbacks.php(22): Illuminate/Pipeline/Pipeline->Illuminate/Pipeline/{closure}(Object(Illuminate/Http/Request))
#27 D:/PROJECT WORK/WonNyaciRun/vendor/laravel/framework/src/Illuminate/Pipeline/Pipeline.php(219): Illuminate/Foundation/Http/Middleware/InvokeDeferredCallbacks->handle(Object(Illuminate/Http/Request), Object(Closure))
#28 D:/PROJECT WORK/WonNyaciRun/vendor/laravel/framework/src/Illuminate/Http/Middleware/ValidatePathEncoding.php(26): Illuminate/Pipeline/Pipeline->Illuminate/Pipeline/{closure}(Object(Illuminate/Http/Request))
#29 D:/PROJECT WORK/WonNyaciRun/vendor/laravel/framework/src/Illuminate/Pipeline/Pipeline.php(219): Illuminate/Http/Middleware/ValidatePathEncoding->handle(Object(Illuminate/Http/Request), Object(Closure))
#30 D:/PROJECT WORK/WonNyaciRun/vendor/laravel/framework/src/Illuminate/Pipeline/Pipeline.php(137): Illuminate/Pipeline/Pipeline->Illuminate/Pipeline/{closure}(Object(Illuminate/Http/Request))
#31 D:/PROJECT WORK/WonNyaciRun/vendor/laravel/framework/src/Illuminate/Foundation/Http/Kernel.php(175): Illuminate/Pipeline/Pipeline->then(Object(Closure))
#32 D:/PROJECT WORK/WonNyaciRun/vendor/laravel/framework/src/Illuminate/Foundation/Http/Kernel.php(144): Illuminate/Foundation/Http/Kernel->sendRequestThroughRouter(Object(Illuminate/Http/Request))
#33 D:/PROJECT WORK/WonNyaciRun/vendor/laravel/framework/src/Illuminate/Foundation/Application.php(1220): Illuminate/Foundation/Http/Kernel->handle(Object(Illuminate/Http/Request))
#34 D:/PROJECT WORK/WonNyaciRun/public/index.php(7): Illuminate/Foundation/Application->handleRequest(Object(Illuminate/Http/Request))
#35 D:/PROJECT WORK/WonNyaciRun/vendor/laravel/framework/src/Illuminate/Foundation/resources/server.php(23): require_once('D://PROJECT WORK...')
#36 {main}
"} 
[2026-09-14 10:55:18] local.ERROR: Class "App\Http\Controllers\Controller" not found {"exception":"[object] (Error(code: 0): Class \"App\\Http\\Controllers\\Controller\" not found at D:/PROJECT WORK/WonNyaciRun/app/Http/Controllers/PublicController.php:8)
[stacktrace]
#0 D:/PROJECT WORK/WonNyaciRun/vendor/composer/ClassLoader.php(576): include()
#1 D:/PROJECT WORK/WonNyaciRun/vendor/composer/ClassLoader.php(427): Composer/Autoload/{closure}('D://PROJECT WORK...')
#2 [internal function]: Composer/Autoload/ClassLoader->loadClass('App//Http//Contro...')
#3 D:/PROJECT WORK/WonNyaciRun/vendor/laravel/framework/src/Illuminate/Routing/Route.php(1125): is_a('App//Http//Contro...', 'Illuminate//Rout...', true)
#4 D:/PROJECT WORK/WonNyaciRun/vendor/laravel/framework/src/Illuminate/Routing/Route.php(1062): Illuminate/Routing/Route->controllerMiddleware()
#5 D:/PROJECT WORK/WonNyaciRun/vendor/laravel/framework/src/Illuminate/Routing/Router.php(834): Illuminate/Routing/Route->gatherMiddleware()
#6 D:/PROJECT WORK/WonNyaciRun/vendor/laravel/framework/src/Illuminate/Routing/Router.php(816): Illuminate/Routing/Router->gatherRouteMiddleware(Object(Illuminate/Routing/Route))
#7 D:/PROJECT WORK/WonNyaciRun/vendor/laravel/framework/src/Illuminate/Routing/Router.php(800): Illuminate/Routing/Router->runRouteWithinStack(Object(Illuminate/Routing/Route), Object(Illuminate/Http/Request))
#8 D:/PROJECT WORK/WonNyaciRun/vendor/laravel/framework/src/Illuminate/Routing/Router.php(764): Illuminate/Routing/Router->runRoute(Object(Illuminate/Http/Request), Object(Illuminate/Routing/Route))
#9 D:/PROJECT WORK/WonNyaciRun/vendor/laravel/framework/src/Illuminate/Routing/Router.php(753): Illuminate/Routing/Router->dispatchToRoute(Object(Illuminate/Http/Request))
#10 D:/PROJECT WORK/WonNyaciRun/vendor/laravel/framework/src/Illuminate/Foundation/Http/Kernel.php(200): Illuminate/Routing/Router->dispatch(Object(Illuminate/Http/Request))
#11 D:/PROJECT WORK/WonNyaciRun/vendor/laravel/framework/src/Illuminate/Pipeline/Pipeline.php(180): Illuminate/Foundation/Http/Kernel->Illuminate/Foundation/Http/{closure}(Object(Illuminate/Http/Request))
#12 D:/PROJECT WORK/WonNyaciRun/vendor/laravel/framework/src/Illuminate/Foundation/Http/Middleware/TransformsRequest.php(21): Illuminate/Pipeline/Pipeline->Illuminate/Pipeline/{closure}(Object(Illuminate/Http/Request))
#13 D:/PROJECT WORK/WonNyaciRun/vendor/laravel/framework/src/Illuminate/Foundation/Http/Middleware/ConvertEmptyStringsToNull.php(31): Illuminate/Foundation/Http/Middleware/TransformsRequest->handle(Object(Illuminate/Http/Request), Object(Closure))
#14 D:/PROJECT WORK/WonNyaciRun/vendor/laravel/framework/src/Illuminate/Pipeline/Pipeline.php(219): Illuminate/Foundation/Http/Middleware/ConvertEmptyStringsToNull->handle(Object(Illuminate/Http/Request), Object(Closure))
#15 D:/PROJECT WORK/WonNyaciRun/vendor/laravel/framework/src/Illuminate/Foundation/Http/Middleware/TransformsRequest.php(21): Illuminate/Pipeline/Pipeline->Illuminate/Pipeline/{closure}(Object(Illuminate/Http/Request))
#16 D:/PROJECT WORK/WonNyaciRun/vendor/laravel/framework/src/Illuminate/Foundation/Http/Middleware/TrimStrings.php(51): Illuminate/Foundation/Http/Middleware/TransformsRequest->handle(Object(Illuminate/Http/Request), Object(Closure))
#17 D:/PROJECT WORK/WonNyaciRun/vendor/laravel/framework/src/Illuminate/Pipeline/Pipeline.php(219): Illuminate/Foundation/Http/Middleware/TrimStrings->handle(Object(Illuminate/Http/Request), Object(Closure))
#18 D:/PROJECT WORK/WonNyaciRun/vendor/laravel/framework/src/Illuminate/Http/Middleware/ValidatePostSize.php(27): Illuminate/Pipeline/Pipeline->Illuminate/Pipeline/{closure}(Object(Illuminate/Http/Request))
#19 D:/PROJECT WORK/WonNyaciRun/vendor/laravel/framework/src/Illuminate/Pipeline/Pipeline.php(219): Illuminate/Http/Middleware/ValidatePostSize->handle(Object(Illuminate/Http/Request), Object(Closure))
#20 D:/PROJECT WORK/WonNyaciRun/vendor/laravel/framework/src/Illuminate/Foundation/Http/Middleware/PreventRequestsDuringMaintenance.php(109): Illuminate/Pipeline/Pipeline->Illuminate/Pipeline/{closure}(Object(Illuminate/Http/Request))
#21 D:/PROJECT WORK/WonNyaciRun/vendor/laravel/framework/src/Illuminate/Pipeline/Pipeline.php(219): Illuminate/Foundation/Http/Middleware/PreventRequestsDuringMaintenance->handle(Object(Illuminate/Http/Request), Object(Closure))
#22 D:/PROJECT WORK/WonNyaciRun/vendor/laravel/framework/src/Illuminate/Http/Middleware/HandleCors.php(74): Illuminate/Pipeline/Pipeline->Illuminate/Pipeline/{closure}(Object(Illuminate/Http/Request))
#23 D:/PROJECT WORK/WonNyaciRun/vendor/laravel/framework/src/Illuminate/Pipeline/Pipeline.php(219): Illuminate/Http/Middleware/HandleCors->handle(Object(Illuminate/Http/Request), Object(Closure))
#24 D:/PROJECT WORK/WonNyaciRun/vendor/laravel/framework/src/Illuminate/Http/Middleware/TrustProxies.php(58): Illuminate/Pipeline/Pipeline->Illuminate/Pipeline/{closure}(Object(Illuminate/Http/Request))
#25 D:/PROJECT WORK/WonNyaciRun/vendor/laravel/framework/src/Illuminate/Pipeline/Pipeline.php(219): Illuminate/Http/Middleware/TrustProxies->handle(Object(Illuminate/Http/Request), Object(Closure))
#26 D:/PROJECT WORK/WonNyaciRun/vendor/laravel/framework/src/Illuminate/Foundation/Http/Middleware/InvokeDeferredCallbacks.php(22): Illuminate/Pipeline/Pipeline->Illuminate/Pipeline/{closure}(Object(Illuminate/Http/Request))
#27 D:/PROJECT WORK/WonNyaciRun/vendor/laravel/framework/src/Illuminate/Pipeline/Pipeline.php(219): Illuminate/Foundation/Http/Middleware/InvokeDeferredCallbacks->handle(Object(Illuminate/Http/Request), Object(Closure))
#28 D:/PROJECT WORK/WonNyaciRun/vendor/laravel/framework/src/Illuminate/Http/Middleware/ValidatePathEncoding.php(26): Illuminate/Pipeline/Pipeline->Illuminate/Pipeline/{closure}(Object(Illuminate/Http/Request))
#29 D:/PROJECT WORK/WonNyaciRun/vendor/laravel/framework/src/Illuminate/Pipeline/Pipeline.php(219): Illuminate/Http/Middleware/ValidatePathEncoding->handle(Object(Illuminate/Http/Request), Object(Closure))
#30 D:/PROJECT WORK/WonNyaciRun/vendor/laravel/framework/src/Illuminate/Pipeline/Pipeline.php(137): Illuminate/Pipeline/Pipeline->Illuminate/Pipeline/{closure}(Object(Illuminate/Http/Request))
#31 D:/PROJECT WORK/WonNyaciRun/vendor/laravel/framework/src/Illuminate/Foundation/Http/Kernel.php(175): Illuminate/Pipeline/Pipeline->then(Object(Closure))
#32 D:/PROJECT WORK/WonNyaciRun/vendor/laravel/framework/src/Illuminate/Foundation/Http/Kernel.php(144): Illuminate/Foundation/Http/Kernel->sendRequestThroughRouter(Object(Illuminate/Http/Request))
#33 D:/PROJECT WORK/WonNyaciRun/vendor/laravel/framework/src/Illuminate/Foundation/Application.php(1220): Illuminate/Foundation/Http/Kernel->handle(Object(Illuminate/Http/Request))
#34 D:/PROJECT WORK/WonNyaciRun/public/index.php(7): Illuminate/Foundation/Application->handleRequest(Object(Illuminate/Http/Request))
#35 D:/PROJECT WORK/WonNyaciRun/vendor/laravel/framework/src/Illuminate/Foundation/resources/server.php(23): require_once('D://PROJECT WORK...')
#36 {main}
"} 
[2026-09-14 14:04:34] local.ERROR: PHP Parse error: Syntax error, unexpected T_NS_SEPARATOR on line 1 {"exception":"[object] (Psy\\Exception\\ParseErrorException(code: 0): PHP Parse error: Syntax error, unexpected T_NS_SEPARATOR on line 1 at D:/PROJECT WORK/WonNyaciRun/vendor/psy/psysh/src/Exception/ParseErrorException.php:44)
[stacktrace]
#0 D:/PROJECT WORK/WonNyaciRun/vendor/psy/psysh/src/CodeCleaner.php(657): Psy/Exception/ParseErrorException::fromParseError(Object(PhpParser/Error))
#1 D:/PROJECT WORK/WonNyaciRun/vendor/psy/psysh/src/CodeCleaner.php(273): Psy/CodeCleaner->parse('<?php //=App////Mo...', false)
#2 D:/PROJECT WORK/WonNyaciRun/vendor/psy/psysh/src/Shell.php(1399): Psy/CodeCleaner->clean(Array, false)
#3 D:/PROJECT WORK/WonNyaciRun/vendor/psy/psysh/src/Shell.php(1506): Psy/Shell->appendCode('//=App////Models////...', true, false)
#4 D:/PROJECT WORK/WonNyaciRun/vendor/psy/psysh/src/Shell.php(2215): Psy/Shell->setCode('//=App////Models////...', true)
#5 D:/PROJECT WORK/WonNyaciRun/vendor/laravel/tinker/src/Console/TinkerCommand.php(77): Psy/Shell->execute('//=App////Models////...')
#6 D:/PROJECT WORK/WonNyaciRun/vendor/laravel/framework/src/Illuminate/Container/BoundMethod.php(36): Laravel/Tinker/Console/TinkerCommand->handle()
#7 D:/PROJECT WORK/WonNyaciRun/vendor/laravel/framework/src/Illuminate/Container/Util.php(43): Illuminate/Container/BoundMethod::Illuminate/Container/{closure}()
#8 D:/PROJECT WORK/WonNyaciRun/vendor/laravel/framework/src/Illuminate/Container/BoundMethod.php(96): Illuminate/Container/Util::unwrapIfClosure(Object(Closure))
#9 D:/PROJECT WORK/WonNyaciRun/vendor/laravel/framework/src/Illuminate/Container/BoundMethod.php(35): Illuminate/Container/BoundMethod::callBoundMethod(Object(Illuminate/Foundation/Application), Array, Object(Closure))
#10 D:/PROJECT WORK/WonNyaciRun/vendor/laravel/framework/src/Illuminate/Container/Container.php(799): Illuminate/Container/BoundMethod::call(Object(Illuminate/Foundation/Application), Array, Array, NULL)
#11 D:/PROJECT WORK/WonNyaciRun/vendor/laravel/framework/src/Illuminate/Console/Command.php(211): Illuminate/Container/Container->call(Array)
#12 D:/PROJECT WORK/WonNyaciRun/vendor/symfony/console/Command/Command.php(341): Illuminate/Console/Command->execute(Object(Symfony/Component/Console/Input/ArgvInput), Object(Illuminate/Console/OutputStyle))
#13 D:/PROJECT WORK/WonNyaciRun/vendor/laravel/framework/src/Illuminate/Console/Command.php(180): Symfony/Component/Console/Command/Command->run(Object(Symfony/Component/Console/Input/ArgvInput), Object(Illuminate/Console/OutputStyle))
#14 D:/PROJECT WORK/WonNyaciRun/vendor/symfony/console/Application.php(1117): Illuminate/Console/Command->run(Object(Symfony/Component/Console/Input/ArgvInput), Object(Symfony/Component/Console/Output/ConsoleOutput))
#15 D:/PROJECT WORK/WonNyaciRun/vendor/symfony/console/Application.php(356): Symfony/Component/Console/Application->doRunCommand(Object(Laravel/Tinker/Console/TinkerCommand), Object(Symfony/Component/Console/Input/ArgvInput), Object(Symfony/Component/Console/Output/ConsoleOutput))
#16 D:/PROJECT WORK/WonNyaciRun/vendor/symfony/console/Application.php(195): Symfony/Component/Console/Application->doRun(Object(Symfony/Component/Console/Input/ArgvInput), Object(Symfony/Component/Console/Output/ConsoleOutput))
#17 D:/PROJECT WORK/WonNyaciRun/vendor/laravel/framework/src/Illuminate/Foundation/Console/Kernel.php(198): Symfony/Component/Console/Application->run(Object(Symfony/Component/Console/Input/ArgvInput), Object(Symfony/Component/Console/Output/ConsoleOutput))
#18 D:/PROJECT WORK/WonNyaciRun/vendor/laravel/framework/src/Illuminate/Foundation/Application.php(1235): Illuminate/Foundation/Console/Kernel->handle(Object(Symfony/Component/Console/Input/ArgvInput), Object(Symfony/Component/Console/Output/ConsoleOutput))
#19 D:/PROJECT WORK/WonNyaciRun/artisan(7): Illuminate/Foundation/Application->handleCommand(Object(Symfony/Component/Console/Input/ArgvInput))
#20 {main}
"} 
[2026-09-14 14:47:59] local.ERROR: cURL error 77: error setting certificate file: \xampp\apache\bin\curl-ca-bundle.crt (see https://curl.se/libcurl/c/libcurl-errors.html) for https://api.x.com/2/users/by/username/AkaoGloriah?user.fields=username%2Cname {"exception":"[object] (Illuminate\\Http\\Client\\ConnectionException(code: 0): cURL error 77: error setting certificate file: \\xampp\\apache\\bin\\curl-ca-bundle.crt (see https://curl.se/libcurl/c/libcurl-errors.html) for https://api.x.com/2/users/by/username/AkaoGloriah?user.fields=username%2Cname at D:/PROJECT WORK/WonNyaciRun/vendor/laravel/framework/src/Illuminate/Http/Client/PendingRequest.php:1833)
[stacktrace]
#0 D:/PROJECT WORK/WonNyaciRun/vendor/laravel/framework/src/Illuminate/Http/Client/PendingRequest.php(1090): Illuminate/Http/Client/PendingRequest->marshalRequestExceptionWithoutResponse(Object(GuzzleHttp/Exception/RequestException))
#1 D:/PROJECT WORK/WonNyaciRun/vendor/laravel/framework/src/Illuminate/Support/helpers.php(328): Illuminate/Http/Client/PendingRequest->Illuminate/Http/Client/{closure}(1)
#2 D:/PROJECT WORK/WonNyaciRun/vendor/laravel/framework/src/Illuminate/Http/Client/PendingRequest.php(1046): retry(0, Object(Closure), 100, Object(Closure))
#3 D:/PROJECT WORK/WonNyaciRun/vendor/laravel/framework/src/Illuminate/Http/Client/PendingRequest.php(854): Illuminate/Http/Client/PendingRequest->send('GET', 'https://api.x.c...', Array)
#4 D:/PROJECT WORK/WonNyaciRun/app/Http/Controllers/XController.php(11): Illuminate/Http/Client/PendingRequest->get('https://api.x.c...', Array)
#5 D:/PROJECT WORK/WonNyaciRun/vendor/laravel/framework/src/Illuminate/Routing/Controller.php(54): App/Http/Controllers/XController->sync()
#6 D:/PROJECT WORK/WonNyaciRun/vendor/laravel/framework/src/Illuminate/Routing/ControllerDispatcher.php(43): Illuminate/Routing/Controller->callAction('sync', Array)
#7 D:/PROJECT WORK/WonNyaciRun/vendor/laravel/framework/src/Illuminate/Routing/Route.php(265): Illuminate/Routing/ControllerDispatcher->dispatch(Object(Illuminate/Routing/Route), Object(App/Http/Controllers/XController), 'sync')
#8 D:/PROJECT WORK/WonNyaciRun/vendor/laravel/framework/src/Illuminate/Routing/Route.php(211): Illuminate/Routing/Route->runController()
#9 D:/PROJECT WORK/WonNyaciRun/vendor/laravel/framework/src/Illuminate/Routing/Router.php(822): Illuminate/Routing/Route->run()
#10 D:/PROJECT WORK/WonNyaciRun/vendor/laravel/framework/src/Illuminate/Pipeline/Pipeline.php(180): Illuminate/Routing/Router->Illuminate/Routing/{closure}(Object(Illuminate/Http/Request))
#11 D:/PROJECT WORK/WonNyaciRun/app/Http/Middleware/AdminMiddleware.php(9): Illuminate/Pipeline/Pipeline->Illuminate/Pipeline/{closure}(Object(Illuminate/Http/Request))
#12 D:/PROJECT WORK/WonNyaciRun/vendor/laravel/framework/src/Illuminate/Pipeline/Pipeline.php(219): App/Http/Middleware/AdminMiddleware->handle(Object(Illuminate/Http/Request), Object(Closure))
#13 D:/PROJECT WORK/WonNyaciRun/vendor/laravel/framework/src/Illuminate/Routing/Middleware/SubstituteBindings.php(50): Illuminate/Pipeline/Pipeline->Illuminate/Pipeline/{closure}(Object(Illuminate/Http/Request))
#14 D:/PROJECT WORK/WonNyaciRun/vendor/laravel/framework/src/Illuminate/Pipeline/Pipeline.php(219): Illuminate/Routing/Middleware/SubstituteBindings->handle(Object(Illuminate/Http/Request), Object(Closure))
#15 D:/PROJECT WORK/WonNyaciRun/vendor/laravel/framework/src/Illuminate/Foundation/Http/Middleware/VerifyCsrfToken.php(87): Illuminate/Pipeline/Pipeline->Illuminate/Pipeline/{closure}(Object(Illuminate/Http/Request))
#16 D:/PROJECT WORK/WonNyaciRun/vendor/laravel/framework/src/Illuminate/Pipeline/Pipeline.php(219): Illuminate/Foundation/Http/Middleware/VerifyCsrfToken->handle(Object(Illuminate/Http/Request), Object(Closure))
#17 D:/PROJECT WORK/WonNyaciRun/vendor/laravel/framework/src/Illuminate/View/Middleware/ShareErrorsFromSession.php(48): Illuminate/Pipeline/Pipeline->Illuminate/Pipeline/{closure}(Object(Illuminate/Http/Request))
#18 D:/PROJECT WORK/WonNyaciRun/vendor/laravel/framework/src/Illuminate/Pipeline/Pipeline.php(219): Illuminate/View/Middleware/ShareErrorsFromSession->handle(Object(Illuminate/Http/Request), Object(Closure))
#19 D:/PROJECT WORK/WonNyaciRun/vendor/laravel/framework/src/Illuminate/Session/Middleware/StartSession.php(120): Illuminate/Pipeline/Pipeline->Illuminate/Pipeline/{closure}(Object(Illuminate/Http/Request))
#20 D:/PROJECT WORK/WonNyaciRun/vendor/laravel/framework/src/Illuminate/Session/Middleware/StartSession.php(63): Illuminate/Session/Middleware/StartSession->handleStatefulRequest(Object(Illuminate/Http/Request), Object(Illuminate/Session/Store), Object(Closure))
#21 D:/PROJECT WORK/WonNyaciRun/vendor/laravel/framework/src/Illuminate/Pipeline/Pipeline.php(219): Illuminate/Session/Middleware/StartSession->handle(Object(Illuminate/Http/Request), Object(Closure))
#22 D:/PROJECT WORK/WonNyaciRun/vendor/laravel/framework/src/Illuminate/Cookie/Middleware/AddQueuedCookiesToResponse.php(36): Illuminate/Pipeline/Pipeline->Illuminate/Pipeline/{closure}(Object(Illuminate/Http/Request))
#23 D:/PROJECT WORK/WonNyaciRun/vendor/laravel/framework/src/Illuminate/Pipeline/Pipeline.php(219): Illuminate/Cookie/Middleware/AddQueuedCookiesToResponse->handle(Object(Illuminate/Http/Request), Object(Closure))
#24 D:/PROJECT WORK/WonNyaciRun/vendor/laravel/framework/src/Illuminate/Cookie/Middleware/EncryptCookies.php(74): Illuminate/Pipeline/Pipeline->Illuminate/Pipeline/{closure}(Object(Illuminate/Http/Request))
#25 D:/PROJECT WORK/WonNyaciRun/vendor/laravel/framework/src/Illuminate/Pipeline/Pipeline.php(219): Illuminate/Cookie/Middleware/EncryptCookies->handle(Object(Illuminate/Http/Request), Object(Closure))
#26 D:/PROJECT WORK/WonNyaciRun/vendor/laravel/framework/src/Illuminate/Pipeline/Pipeline.php(137): Illuminate/Pipeline/Pipeline->Illuminate/Pipeline/{closure}(Object(Illuminate/Http/Request))
#27 D:/PROJECT WORK/WonNyaciRun/vendor/laravel/framework/src/Illuminate/Routing/Router.php(821): Illuminate/Pipeline/Pipeline->then(Object(Closure))
#28 D:/PROJECT WORK/WonNyaciRun/vendor/laravel/framework/src/Illuminate/Routing/Router.php(800): Illuminate/Routing/Router->runRouteWithinStack(Object(Illuminate/Routing/Route), Object(Illuminate/Http/Request))
#29 D:/PROJECT WORK/WonNyaciRun/vendor/laravel/framework/src/Illuminate/Routing/Router.php(764): Illuminate/Routing/Router->runRoute(Object(Illuminate/Http/Request), Object(Illuminate/Routing/Route))
#30 D:/PROJECT WORK/WonNyaciRun/vendor/laravel/framework/src/Illuminate/Routing/Router.php(753): Illuminate/Routing/Router->dispatchToRoute(Object(Illuminate/Http/Request))
#31 D:/PROJECT WORK/WonNyaciRun/vendor/laravel/framework/src/Illuminate/Foundation/Http/Kernel.php(200): Illuminate/Routing/Router->dispatch(Object(Illuminate/Http/Request))
#32 D:/PROJECT WORK/WonNyaciRun/vendor/laravel/framework/src/Illuminate/Pipeline/Pipeline.php(180): Illuminate/Foundation/Http/Kernel->Illuminate/Foundation/Http/{closure}(Object(Illuminate/Http/Request))
#33 D:/PROJECT WORK/WonNyaciRun/vendor/laravel/framework/src/Illuminate/Foundation/Http/Middleware/TransformsRequest.php(21): Illuminate/Pipeline/Pipeline->Illuminate/Pipeline/{closure}(Object(Illuminate/Http/Request))
#34 D:/PROJECT WORK/WonNyaciRun/vendor/laravel/framework/src/Illuminate/Foundation/Http/Middleware/ConvertEmptyStringsToNull.php(31): Illuminate/Foundation/Http/Middleware/TransformsRequest->handle(Object(Illuminate/Http/Request), Object(Closure))
#35 D:/PROJECT WORK/WonNyaciRun/vendor/laravel/framework/src/Illuminate/Pipeline/Pipeline.php(219): Illuminate/Foundation/Http/Middleware/ConvertEmptyStringsToNull->handle(Object(Illuminate/Http/Request), Object(Closure))
#36 D:/PROJECT WORK/WonNyaciRun/vendor/laravel/framework/src/Illuminate/Foundation/Http/Middleware/TransformsRequest.php(21): Illuminate/Pipeline/Pipeline->Illuminate/Pipeline/{closure}(Object(Illuminate/Http/Request))
#37 D:/PROJECT WORK/WonNyaciRun/vendor/laravel/framework/src/Illuminate/Foundation/Http/Middleware/TrimStrings.php(51): Illuminate/Foundation/Http/Middleware/TransformsRequest->handle(Object(Illuminate/Http/Request), Object(Closure))
#38 D:/PROJECT WORK/WonNyaciRun/vendor/laravel/framework/src/Illuminate/Pipeline/Pipeline.php(219): Illuminate/Foundation/Http/Middleware/TrimStrings->handle(Object(Illuminate/Http/Request), Object(Closure))
#39 D:/PROJECT WORK/WonNyaciRun/vendor/laravel/framework/src/Illuminate/Http/Middleware/ValidatePostSize.php(27): Illuminate/Pipeline/Pipeline->Illuminate/Pipeline/{closure}(Object(Illuminate/Http/Request))
#40 D:/PROJECT WORK/WonNyaciRun/vendor/laravel/framework/src/Illuminate/Pipeline/Pipeline.php(219): Illuminate/Http/Middleware/ValidatePostSize->handle(Object(Illuminate/Http/Request), Object(Closure))
#41 D:/PROJECT WORK/WonNyaciRun/vendor/laravel/framework/src/Illuminate/Foundation/Http/Middleware/PreventRequestsDuringMaintenance.php(109): Illuminate/Pipeline/Pipeline->Illuminate/Pipeline/{closure}(Object(Illuminate/Http/Request))
#42 D:/PROJECT WORK/WonNyaciRun/vendor/laravel/framework/src/Illuminate/Pipeline/Pipeline.php(219): Illuminate/Foundation/Http/Middleware/PreventRequestsDuringMaintenance->handle(Object(Illuminate/Http/Request), Object(Closure))
#43 D:/PROJECT WORK/WonNyaciRun/vendor/laravel/framework/src/Illuminate/Http/Middleware/HandleCors.php(74): Illuminate/Pipeline/Pipeline->Illuminate/Pipeline/{closure}(Object(Illuminate/Http/Request))
#44 D:/PROJECT WORK/WonNyaciRun/vendor/laravel/framework/src/Illuminate/Pipeline/Pipeline.php(219): Illuminate/Http/Middleware/HandleCors->handle(Object(Illuminate/Http/Request), Object(Closure))
#45 D:/PROJECT WORK/WonNyaciRun/vendor/laravel/framework/src/Illuminate/Http/Middleware/TrustProxies.php(58): Illuminate/Pipeline/Pipeline->Illuminate/Pipeline/{closure}(Object(Illuminate/Http/Request))
#46 D:/PROJECT WORK/WonNyaciRun/vendor/laravel/framework/src/Illuminate/Pipeline/Pipeline.php(219): Illuminate/Http/Middleware/TrustProxies->handle(Object(Illuminate/Http/Request), Object(Closure))
#47 D:/PROJECT WORK/WonNyaciRun/vendor/laravel/framework/src/Illuminate/Foundation/Http/Middleware/InvokeDeferredCallbacks.php(22): Illuminate/Pipeline/Pipeline->Illuminate/Pipeline/{closure}(Object(Illuminate/Http/Request))
#48 D:/PROJECT WORK/WonNyaciRun/vendor/laravel/framework/src/Illuminate/Pipeline/Pipeline.php(219): Illuminate/Foundation/Http/Middleware/InvokeDeferredCallbacks->handle(Object(Illuminate/Http/Request), Object(Closure))
#49 D:/PROJECT WORK/WonNyaciRun/vendor/laravel/framework/src/Illuminate/Http/Middleware/ValidatePathEncoding.php(26): Illuminate/Pipeline/Pipeline->Illuminate/Pipeline/{closure}(Object(Illuminate/Http/Request))
#50 D:/PROJECT WORK/WonNyaciRun/vendor/laravel/framework/src/Illuminate/Pipeline/Pipeline.php(219): Illuminate/Http/Middleware/ValidatePathEncoding->handle(Object(Illuminate/Http/Request), Object(Closure))
#51 D:/PROJECT WORK/WonNyaciRun/vendor/laravel/framework/src/Illuminate/Pipeline/Pipeline.php(137): Illuminate/Pipeline/Pipeline->Illuminate/Pipeline/{closure}(Object(Illuminate/Http/Request))
#52 D:/PROJECT WORK/WonNyaciRun/vendor/laravel/framework/src/Illuminate/Foundation/Http/Kernel.php(175): Illuminate/Pipeline/Pipeline->then(Object(Closure))
#53 D:/PROJECT WORK/WonNyaciRun/vendor/laravel/framework/src/Illuminate/Foundation/Http/Kernel.php(144): Illuminate/Foundation/Http/Kernel->sendRequestThroughRouter(Object(Illuminate/Http/Request))
#54 D:/PROJECT WORK/WonNyaciRun/vendor/laravel/framework/src/Illuminate/Foundation/Application.php(1220): Illuminate/Foundation/Http/Kernel->handle(Object(Illuminate/Http/Request))
#55 D:/PROJECT WORK/WonNyaciRun/public/index.php(7): Illuminate/Foundation/Application->handleRequest(Object(Illuminate/Http/Request))
#56 D:/PROJECT WORK/WonNyaciRun/vendor/laravel/framework/src/Illuminate/Foundation/resources/server.php(23): require_once('D://PROJECT WORK...')
#57 {main}

[previous exception] [object] (GuzzleHttp\\Exception\\RequestException(code: 0): cURL error 77: error setting certificate file: \\xampp\\apache\\bin\\curl-ca-bundle.crt (see https://curl.se/libcurl/c/libcurl-errors.html) for https://api.x.com/2/users/by/username/AkaoGloriah?user.fields=username%2Cname at D:/PROJECT WORK/WonNyaciRun/vendor/guzzlehttp/guzzle/src/Handler/CurlFactory.php:1141)
[stacktrace]
#0 D:/PROJECT WORK/WonNyaciRun/vendor/guzzlehttp/guzzle/src/Handler/CurlFactory.php(1077): GuzzleHttp/Handler/CurlFactory::createRejection(Object(GuzzleHttp/Handler/EasyHandle), Array)
#1 D:/PROJECT WORK/WonNyaciRun/vendor/guzzlehttp/guzzle/src/Handler/CurlFactory.php(1014): GuzzleHttp/Handler/CurlFactory::finishError(Object(GuzzleHttp/Handler/CurlHandler), Object(GuzzleHttp/Handler/EasyHandle), Object(GuzzleHttp/Handler/CurlFactory))
#2 D:/PROJECT WORK/WonNyaciRun/vendor/guzzlehttp/guzzle/src/Handler/CurlHandler.php(88): GuzzleHttp/Handler/CurlFactory::finish(Object(GuzzleHttp/Handler/CurlHandler), Object(GuzzleHttp/Handler/EasyHandle), Object(GuzzleHttp/Handler/CurlFactory))
#3 D:/PROJECT WORK/WonNyaciRun/vendor/guzzlehttp/guzzle/src/Handler/Proxy.php(28): GuzzleHttp/Handler/CurlHandler->__invoke(Object(GuzzleHttp/Psr7/Request), Array)
#4 D:/PROJECT WORK/WonNyaciRun/vendor/guzzlehttp/guzzle/src/Handler/Proxy.php(68): GuzzleHttp/Handler/Proxy::GuzzleHttp/Handler/{closure}(Object(GuzzleHttp/Psr7/Request), Array)
#5 D:/PROJECT WORK/WonNyaciRun/vendor/guzzlehttp/guzzle/src/Handler/Proxy.php(48): GuzzleHttp/Handler/Proxy::GuzzleHttp/Handler/{closure}(Object(GuzzleHttp/Psr7/Request), Array)
#6 D:/PROJECT WORK/WonNyaciRun/vendor/laravel/framework/src/Illuminate/Http/Client/PendingRequest.php(1528): GuzzleHttp/Handler/Proxy::GuzzleHttp/Handler/{closure}(Object(GuzzleHttp/Psr7/Request), Array)
#7 D:/PROJECT WORK/WonNyaciRun/vendor/laravel/framework/src/Illuminate/Http/Client/PendingRequest.php(1485): Illuminate/Http/Client/PendingRequest->Illuminate/Http/Client/{closure}(Object(GuzzleHttp/Psr7/Request), Array)
#8 D:/PROJECT WORK/WonNyaciRun/vendor/laravel/framework/src/Illuminate/Http/Client/PendingRequest.php(1471): Illuminate/Http/Client/PendingRequest->Illuminate/Http/Client/{closure}(Object(GuzzleHttp/Psr7/Request), Array)
#9 D:/PROJECT WORK/WonNyaciRun/vendor/guzzlehttp/guzzle/src/PrepareBodyMiddleware.php(35): Illuminate/Http/Client/PendingRequest->Illuminate/Http/Client/{closure}(Object(GuzzleHttp/Psr7/Request), Array)
#10 D:/PROJECT WORK/WonNyaciRun/vendor/guzzlehttp/guzzle/src/Middleware.php(38): GuzzleHttp/PrepareBodyMiddleware->__invoke(Object(GuzzleHttp/Psr7/Request), Array)
#11 D:/PROJECT WORK/WonNyaciRun/vendor/guzzlehttp/guzzle/src/RedirectMiddleware.php(72): GuzzleHttp/Middleware::GuzzleHttp/{closure}(Object(GuzzleHttp/Psr7/Request), Array)
#12 D:/PROJECT WORK/WonNyaciRun/vendor/guzzlehttp/guzzle/src/Middleware.php(63): GuzzleHttp/RedirectMiddleware->__invoke(Object(GuzzleHttp/Psr7/Request), Array)
#13 D:/PROJECT WORK/WonNyaciRun/vendor/guzzlehttp/guzzle/src/HandlerStack.php(75): GuzzleHttp/Middleware::GuzzleHttp/{closure}(Object(GuzzleHttp/Psr7/Request), Array)
#14 D:/PROJECT WORK/WonNyaciRun/vendor/guzzlehttp/guzzle/src/Client.php(1109): GuzzleHttp/HandlerStack->__invoke(Object(GuzzleHttp/Psr7/Request), Array)
#15 D:/PROJECT WORK/WonNyaciRun/vendor/guzzlehttp/guzzle/src/Client.php(243): GuzzleHttp/Client->transfer(Object(GuzzleHttp/Psr7/Request), Array)
#16 D:/PROJECT WORK/WonNyaciRun/vendor/guzzlehttp/guzzle/src/Client.php(273): GuzzleHttp/Client->requestAsync('GET', Object(GuzzleHttp/Psr7/Uri), Array)
#17 D:/PROJECT WORK/WonNyaciRun/vendor/laravel/framework/src/Illuminate/Http/Client/PendingRequest.php(1311): GuzzleHttp/Client->request('GET', 'https://api.x.c...', Array)
#18 D:/PROJECT WORK/WonNyaciRun/vendor/laravel/framework/src/Illuminate/Http/Client/PendingRequest.php(1048): Illuminate/Http/Client/PendingRequest->sendRequest('GET', 'https://api.x.c...', Array)
#19 D:/PROJECT WORK/WonNyaciRun/vendor/laravel/framework/src/Illuminate/Support/helpers.php(328): Illuminate/Http/Client/PendingRequest->Illuminate/Http/Client/{closure}(1)
#20 D:/PROJECT WORK/WonNyaciRun/vendor/laravel/framework/src/Illuminate/Http/Client/PendingRequest.php(1046): retry(0, Object(Closure), 100, Object(Closure))
#21 D:/PROJECT WORK/WonNyaciRun/vendor/laravel/framework/src/Illuminate/Http/Client/PendingRequest.php(854): Illuminate/Http/Client/PendingRequest->send('GET', 'https://api.x.c...', Array)
#22 D:/PROJECT WORK/WonNyaciRun/app/Http/Controllers/XController.php(11): Illuminate/Http/Client/PendingRequest->get('https://api.x.c...', Array)
#23 D:/PROJECT WORK/WonNyaciRun/vendor/laravel/framework/src/Illuminate/Routing/Controller.php(54): App/Http/Controllers/XController->sync()
#24 D:/PROJECT WORK/WonNyaciRun/vendor/laravel/framework/src/Illuminate/Routing/ControllerDispatcher.php(43): Illuminate/Routing/Controller->callAction('sync', Array)
#25 D:/PROJECT WORK/WonNyaciRun/vendor/laravel/framework/src/Illuminate/Routing/Route.php(265): Illuminate/Routing/ControllerDispatcher->dispatch(Object(Illuminate/Routing/Route), Object(App/Http/Controllers/XController), 'sync')
#26 D:/PROJECT WORK/WonNyaciRun/vendor/laravel/framework/src/Illuminate/Routing/Route.php(211): Illuminate/Routing/Route->runController()
#27 D:/PROJECT WORK/WonNyaciRun/vendor/laravel/framework/src/Illuminate/Routing/Router.php(822): Illuminate/Routing/Route->run()
#28 D:/PROJECT WORK/WonNyaciRun/vendor/laravel/framework/src/Illuminate/Pipeline/Pipeline.php(180): Illuminate/Routing/Router->Illuminate/Routing/{closure}(Object(Illuminate/Http/Request))
#29 D:/PROJECT WORK/WonNyaciRun/app/Http/Middleware/AdminMiddleware.php(9): Illuminate/Pipeline/Pipeline->Illuminate/Pipeline/{closure}(Object(Illuminate/Http/Request))
#30 D:/PROJECT WORK/WonNyaciRun/vendor/laravel/framework/src/Illuminate/Pipeline/Pipeline.php(219): App/Http/Middleware/AdminMiddleware->handle(Object(Illuminate/Http/Request), Object(Closure))
#31 D:/PROJECT WORK/WonNyaciRun/vendor/laravel/framework/src/Illuminate/Routing/Middleware/SubstituteBindings.php(50): Illuminate/Pipeline/Pipeline->Illuminate/Pipeline/{closure}(Object(Illuminate/Http/Request))
#32 D:/PROJECT WORK/WonNyaciRun/vendor/laravel/framework/src/Illuminate/Pipeline/Pipeline.php(219): Illuminate/Routing/Middleware/SubstituteBindings->handle(Object(Illuminate/Http/Request), Object(Closure))
#33 D:/PROJECT WORK/WonNyaciRun/vendor/laravel/framework/src/Illuminate/Foundation/Http/Middleware/VerifyCsrfToken.php(87): Illuminate/Pipeline/Pipeline->Illuminate/Pipeline/{closure}(Object(Illuminate/Http/Request))
#34 D:/PROJECT WORK/WonNyaciRun/vendor/laravel/framework/src/Illuminate/Pipeline/Pipeline.php(219): Illuminate/Foundation/Http/Middleware/VerifyCsrfToken->handle(Object(Illuminate/Http/Request), Object(Closure))
#35 D:/PROJECT WORK/WonNyaciRun/vendor/laravel/framework/src/Illuminate/View/Middleware/ShareErrorsFromSession.php(48): Illuminate/Pipeline/Pipeline->Illuminate/Pipeline/{closure}(Object(Illuminate/Http/Request))
#36 D:/PROJECT WORK/WonNyaciRun/vendor/laravel/framework/src/Illuminate/Pipeline/Pipeline.php(219): Illuminate/View/Middleware/ShareErrorsFromSession->handle(Object(Illuminate/Http/Request), Object(Closure))
#37 D:/PROJECT WORK/WonNyaciRun/vendor/laravel/framework/src/Illuminate/Session/Middleware/StartSession.php(120): Illuminate/Pipeline/Pipeline->Illuminate/Pipeline/{closure}(Object(Illuminate/Http/Request))
#38 D:/PROJECT WORK/WonNyaciRun/vendor/laravel/framework/src/Illuminate/Session/Middleware/StartSession.php(63): Illuminate/Session/Middleware/StartSession->handleStatefulRequest(Object(Illuminate/Http/Request), Object(Illuminate/Session/Store), Object(Closure))
#39 D:/PROJECT WORK/WonNyaciRun/vendor/laravel/framework/src/Illuminate/Pipeline/Pipeline.php(219): Illuminate/Session/Middleware/StartSession->handle(Object(Illuminate/Http/Request), Object(Closure))
#40 D:/PROJECT WORK/WonNyaciRun/vendor/laravel/framework/src/Illuminate/Cookie/Middleware/AddQueuedCookiesToResponse.php(36): Illuminate/Pipeline/Pipeline->Illuminate/Pipeline/{closure}(Object(Illuminate/Http/Request))
#41 D:/PROJECT WORK/WonNyaciRun/vendor/laravel/framework/src/Illuminate/Pipeline/Pipeline.php(219): Illuminate/Cookie/Middleware/AddQueuedCookiesToResponse->handle(Object(Illuminate/Http/Request), Object(Closure))
#42 D:/PROJECT WORK/WonNyaciRun/vendor/laravel/framework/src/Illuminate/Cookie/Middleware/EncryptCookies.php(74): Illuminate/Pipeline/Pipeline->Illuminate/Pipeline/{closure}(Object(Illuminate/Http/Request))
#43 D:/PROJECT WORK/WonNyaciRun/vendor/laravel/framework/src/Illuminate/Pipeline/Pipeline.php(219): Illuminate/Cookie/Middleware/EncryptCookies->handle(Object(Illuminate/Http/Request), Object(Closure))
#44 D:/PROJECT WORK/WonNyaciRun/vendor/laravel/framework/src/Illuminate/Pipeline/Pipeline.php(137): Illuminate/Pipeline/Pipeline->Illuminate/Pipeline/{closure}(Object(Illuminate/Http/Request))
#45 D:/PROJECT WORK/WonNyaciRun/vendor/laravel/framework/src/Illuminate/Routing/Router.php(821): Illuminate/Pipeline/Pipeline->then(Object(Closure))
#46 D:/PROJECT WORK/WonNyaciRun/vendor/laravel/framework/src/Illuminate/Routing/Router.php(800): Illuminate/Routing/Router->runRouteWithinStack(Object(Illuminate/Routing/Route), Object(Illuminate/Http/Request))
#47 D:/PROJECT WORK/WonNyaciRun/vendor/laravel/framework/src/Illuminate/Routing/Router.php(764): Illuminate/Routing/Router->runRoute(Object(Illuminate/Http/Request), Object(Illuminate/Routing/Route))
#48 D:/PROJECT WORK/WonNyaciRun/vendor/laravel/framework/src/Illuminate/Routing/Router.php(753): Illuminate/Routing/Router->dispatchToRoute(Object(Illuminate/Http/Request))
#49 D:/PROJECT WORK/WonNyaciRun/vendor/laravel/framework/src/Illuminate/Foundation/Http/Kernel.php(200): Illuminate/Routing/Router->dispatch(Object(Illuminate/Http/Request))
#50 D:/PROJECT WORK/WonNyaciRun/vendor/laravel/framework/src/Illuminate/Pipeline/Pipeline.php(180): Illuminate/Foundation/Http/Kernel->Illuminate/Foundation/Http/{closure}(Object(Illuminate/Http/Request))
#51 D:/PROJECT WORK/WonNyaciRun/vendor/laravel/framework/src/Illuminate/Foundation/Http/Middleware/TransformsRequest.php(21): Illuminate/Pipeline/Pipeline->Illuminate/Pipeline/{closure}(Object(Illuminate/Http/Request))
#52 D:/PROJECT WORK/WonNyaciRun/vendor/laravel/framework/src/Illuminate/Foundation/Http/Middleware/ConvertEmptyStringsToNull.php(31): Illuminate/Foundation/Http/Middleware/TransformsRequest->handle(Object(Illuminate/Http/Request), Object(Closure))
#53 D:/PROJECT WORK/WonNyaciRun/vendor/laravel/framework/src/Illuminate/Pipeline/Pipeline.php(219): Illuminate/Foundation/Http/Middleware/ConvertEmptyStringsToNull->handle(Object(Illuminate/Http/Request), Object(Closure))
#54 D:/PROJECT WORK/WonNyaciRun/vendor/laravel/framework/src/Illuminate/Foundation/Http/Middleware/TransformsRequest.php(21): Illuminate/Pipeline/Pipeline->Illuminate/Pipeline/{closure}(Object(Illuminate/Http/Request))
#55 D:/PROJECT WORK/WonNyaciRun/vendor/laravel/framework/src/Illuminate/Foundation/Http/Middleware/TrimStrings.php(51): Illuminate/Foundation/Http/Middleware/TransformsRequest->handle(Object(Illuminate/Http/Request), Object(Closure))
#56 D:/PROJECT WORK/WonNyaciRun/vendor/laravel/framework/src/Illuminate/Pipeline/Pipeline.php(219): Illuminate/Foundation/Http/Middleware/TrimStrings->handle(Object(Illuminate/Http/Request), Object(Closure))
#57 D:/PROJECT WORK/WonNyaciRun/vendor/laravel/framework/src/Illuminate/Http/Middleware/ValidatePostSize.php(27): Illuminate/Pipeline/Pipeline->Illuminate/Pipeline/{closure}(Object(Illuminate/Http/Request))
#58 D:/PROJECT WORK/WonNyaciRun/vendor/laravel/framework/src/Illuminate/Pipeline/Pipeline.php(219): Illuminate/Http/Middleware/ValidatePostSize->handle(Object(Illuminate/Http/Request), Object(Closure))
#59 D:/PROJECT WORK/WonNyaciRun/vendor/laravel/framework/src/Illuminate/Foundation/Http/Middleware/PreventRequestsDuringMaintenance.php(109): Illuminate/Pipeline/Pipeline->Illuminate/Pipeline/{closure}(Object(Illuminate/Http/Request))
#60 D:/PROJECT WORK/WonNyaciRun/vendor/laravel/framework/src/Illuminate/Pipeline/Pipeline.php(219): Illuminate/Foundation/Http/Middleware/PreventRequestsDuringMaintenance->handle(Object(Illuminate/Http/Request), Object(Closure))
#61 D:/PROJECT WORK/WonNyaciRun/vendor/laravel/framework/src/Illuminate/Http/Middleware/HandleCors.php(74): Illuminate/Pipeline/Pipeline->Illuminate/Pipeline/{closure}(Object(Illuminate/Http/Request))
#62 D:/PROJECT WORK/WonNyaciRun/vendor/laravel/framework/src/Illuminate/Pipeline/Pipeline.php(219): Illuminate/Http/Middleware/HandleCors->handle(Object(Illuminate/Http/Request), Object(Closure))
#63 D:/PROJECT WORK/WonNyaciRun/vendor/laravel/framework/src/Illuminate/Http/Middleware/TrustProxies.php(58): Illuminate/Pipeline/Pipeline->Illuminate/Pipeline/{closure}(Object(Illuminate/Http/Request))
#64 D:/PROJECT WORK/WonNyaciRun/vendor/laravel/framework/src/Illuminate/Pipeline/Pipeline.php(219): Illuminate/Http/Middleware/TrustProxies->handle(Object(Illuminate/Http/Request), Object(Closure))
#65 D:/PROJECT WORK/WonNyaciRun/vendor/laravel/framework/src/Illuminate/Foundation/Http/Middleware/InvokeDeferredCallbacks.php(22): Illuminate/Pipeline/Pipeline->Illuminate/Pipeline/{closure}(Object(Illuminate/Http/Request))
#66 D:/PROJECT WORK/WonNyaciRun/vendor/laravel/framework/src/Illuminate/Pipeline/Pipeline.php(219): Illuminate/Foundation/Http/Middleware/InvokeDeferredCallbacks->handle(Object(Illuminate/Http/Request), Object(Closure))
#67 D:/PROJECT WORK/WonNyaciRun/vendor/laravel/framework/src/Illuminate/Http/Middleware/ValidatePathEncoding.php(26): Illuminate/Pipeline/Pipeline->Illuminate/Pipeline/{closure}(Object(Illuminate/Http/Request))
#68 D:/PROJECT WORK/WonNyaciRun/vendor/laravel/framework/src/Illuminate/Pipeline/Pipeline.php(219): Illuminate/Http/Middleware/ValidatePathEncoding->handle(Object(Illuminate/Http/Request), Object(Closure))
#69 D:/PROJECT WORK/WonNyaciRun/vendor/laravel/framework/src/Illuminate/Pipeline/Pipeline.php(137): Illuminate/Pipeline/Pipeline->Illuminate/Pipeline/{closure}(Object(Illuminate/Http/Request))
#70 D:/PROJECT WORK/WonNyaciRun/vendor/laravel/framework/src/Illuminate/Foundation/Http/Kernel.php(175): Illuminate/Pipeline/Pipeline->then(Object(Closure))
#71 D:/PROJECT WORK/WonNyaciRun/vendor/laravel/framework/src/Illuminate/Foundation/Http/Kernel.php(144): Illuminate/Foundation/Http/Kernel->sendRequestThroughRouter(Object(Illuminate/Http/Request))
#72 D:/PROJECT WORK/WonNyaciRun/vendor/laravel/framework/src/Illuminate/Foundation/Application.php(1220): Illuminate/Foundation/Http/Kernel->handle(Object(Illuminate/Http/Request))
#73 D:/PROJECT WORK/WonNyaciRun/public/index.php(7): Illuminate/Foundation/Application->handleRequest(Object(Illuminate/Http/Request))
#74 D:/PROJECT WORK/WonNyaciRun/vendor/laravel/framework/src/Illuminate/Foundation/resources/server.php(23): require_once('D://PROJECT WORK...')
#75 {main}
"} 
[2026-09-14 14:51:35] local.DEBUG: From: Won Nyaci Run 2026 <hello@wonnyacirun.ug>
To: hello@wonnyacirun.ug
Subject: Won Nyaci Run: q
MIME-Version: 1.0
Date: Mon, 14 Sep 2026 14:51:35 +0300
Message-ID: <d456acfb77f09e325a517fa804c7dbcf@wonnyacirun.ug>
Content-Type: text/plain; charset=utf-8
Content-Transfer-Encoding: quoted-printable

New Won Nyaci Run contact message

Name: q
Email: q@gmail.com
Phone: q
Subject: q

q  
[2026-09-14 15:21:57] local.ERROR: PHP Parse error: Syntax error, unexpected T_NS_SEPARATOR, expecting ';' on line 1 {"exception":"[object] (Psy\\Exception\\ParseErrorException(code: 0): PHP Parse error: Syntax error, unexpected T_NS_SEPARATOR, expecting ';' on line 1 at D:/PROJECT WORK/WonNyaciRun/vendor/psy/psysh/src/Exception/ParseErrorException.php:44)
[stacktrace]
#0 D:/PROJECT WORK/WonNyaciRun/vendor/psy/psysh/src/CodeCleaner.php(657): Psy/Exception/ParseErrorException::fromParseError(Object(PhpParser/Error))
#1 D:/PROJECT WORK/WonNyaciRun/vendor/psy/psysh/src/CodeCleaner.php(273): Psy/CodeCleaner->parse('<?php echo App//...', false)
#2 D:/PROJECT WORK/WonNyaciRun/vendor/psy/psysh/src/Shell.php(1399): Psy/CodeCleaner->clean(Array, false)
#3 D:/PROJECT WORK/WonNyaciRun/vendor/psy/psysh/src/Shell.php(1506): Psy/Shell->appendCode('echo App////Model...', true, false)
#4 D:/PROJECT WORK/WonNyaciRun/vendor/psy/psysh/src/Shell.php(2215): Psy/Shell->setCode('echo App////Model...', true)
#5 D:/PROJECT WORK/WonNyaciRun/vendor/laravel/tinker/src/Console/TinkerCommand.php(77): Psy/Shell->execute('echo App////Model...')
#6 D:/PROJECT WORK/WonNyaciRun/vendor/laravel/framework/src/Illuminate/Container/BoundMethod.php(36): Laravel/Tinker/Console/TinkerCommand->handle()
#7 D:/PROJECT WORK/WonNyaciRun/vendor/laravel/framework/src/Illuminate/Container/Util.php(43): Illuminate/Container/BoundMethod::Illuminate/Container/{closure}()
#8 D:/PROJECT WORK/WonNyaciRun/vendor/laravel/framework/src/Illuminate/Container/BoundMethod.php(96): Illuminate/Container/Util::unwrapIfClosure(Object(Closure))
#9 D:/PROJECT WORK/WonNyaciRun/vendor/laravel/framework/src/Illuminate/Container/BoundMethod.php(35): Illuminate/Container/BoundMethod::callBoundMethod(Object(Illuminate/Foundation/Application), Array, Object(Closure))
#10 D:/PROJECT WORK/WonNyaciRun/vendor/laravel/framework/src/Illuminate/Container/Container.php(799): Illuminate/Container/BoundMethod::call(Object(Illuminate/Foundation/Application), Array, Array, NULL)
#11 D:/PROJECT WORK/WonNyaciRun/vendor/laravel/framework/src/Illuminate/Console/Command.php(211): Illuminate/Container/Container->call(Array)
#12 D:/PROJECT WORK/WonNyaciRun/vendor/symfony/console/Command/Command.php(341): Illuminate/Console/Command->execute(Object(Symfony/Component/Console/Input/ArgvInput), Object(Illuminate/Console/OutputStyle))
#13 D:/PROJECT WORK/WonNyaciRun/vendor/laravel/framework/src/Illuminate/Console/Command.php(180): Symfony/Component/Console/Command/Command->run(Object(Symfony/Component/Console/Input/ArgvInput), Object(Illuminate/Console/OutputStyle))
#14 D:/PROJECT WORK/WonNyaciRun/vendor/symfony/console/Application.php(1117): Illuminate/Console/Command->run(Object(Symfony/Component/Console/Input/ArgvInput), Object(Symfony/Component/Console/Output/ConsoleOutput))
#15 D:/PROJECT WORK/WonNyaciRun/vendor/symfony/console/Application.php(356): Symfony/Component/Console/Application->doRunCommand(Object(Laravel/Tinker/Console/TinkerCommand), Object(Symfony/Component/Console/Input/ArgvInput), Object(Symfony/Component/Console/Output/ConsoleOutput))
#16 D:/PROJECT WORK/WonNyaciRun/vendor/symfony/console/Application.php(195): Symfony/Component/Console/Application->doRun(Object(Symfony/Component/Console/Input/ArgvInput), Object(Symfony/Component/Console/Output/ConsoleOutput))
#17 D:/PROJECT WORK/WonNyaciRun/vendor/laravel/framework/src/Illuminate/Foundation/Console/Kernel.php(198): Symfony/Component/Console/Application->run(Object(Symfony/Component/Console/Input/ArgvInput), Object(Symfony/Component/Console/Output/ConsoleOutput))
#18 D:/PROJECT WORK/WonNyaciRun/vendor/laravel/framework/src/Illuminate/Foundation/Application.php(1235): Illuminate/Foundation/Console/Kernel->handle(Object(Symfony/Component/Console/Input/ArgvInput), Object(Symfony/Component/Console/Output/ConsoleOutput))
#19 D:/PROJECT WORK/WonNyaciRun/artisan(7): Illuminate/Foundation/Application->handleCommand(Object(Symfony/Component/Console/Input/ArgvInput))
#20 {main}
"} 
